EmpID,FirstName,LastName,BusinessUnit,EmployeeStatus
3427,Uriah,Bridges,CCDR,Active
3428,Paula,Small,EW,Active
3429,Edward,Buck,PL,Active
3430,Michael,Riordan,CCDR,Active
3431,Jasmine,Onque,TNS,Active
3432,Maruk,Fraval,BPC,Active
3433,Latia,Costa,WBL,Active
3434,Sharlene,Terry,CCDR,Active
3435,Jac,McKinzie,NEL,Active
3436,Joseph,Martins,BPC,Active
3437,Myriam,Givens,SVG,Active
3438,Dheepa,Nguyen,MSC,Active
3439,Bartholemew,Khemmich,EW,Active
3440,Xana,Potts,CCDR,Active
3441,Prater,Jeremy,BPC,Active
3442,Kaylah,Moon,PYZ,Active
3443,Kristen,Tate,WBL,Active
3444,Bobby,Rodgers,NEL,Active
3445,Reid,Park,PL,Active
3446,Hector,Dalton,BPC,Active
3447,Mariela,Schultz,CCDR,Future Start
3448,Angela,Molina,SVG,Future Start
3449,Gerald,Preston,EW,Future Start
3450,Reilly,Moyer,MSC,Active
3451,Carlee,French,TNS,Active
3452,Jaydon,Blackburn,PYZ,Active
3453,Bridger,Carter,WBL,Active
3454,Leon,Beard,PYZ,Active
3455,Charity,Miranda,WBL,Active
3456,Axel,Howe,NEL,Active
3457,Milton,Wall,PL,Active
3458,Cory,Robinson,BPC,Future Start
3459,Saniya,Yu,CCDR,Future Start
3460,Alisa,James,SVG,Active
3461,Lincoln,Compton,EW,Future Start
3462,Aliana,Nolan,MSC,Active
3463,Kayden,Dodson,TNS,Active
3464,James,Duke,PYZ,Active
3465,Willow,Stuart,WBL,Active
3466,Clayton,Walker,PYZ,Active
3467,Celia,Curtis,WBL,Active
3468,Valentin,Reilly,NEL,Active
3469,Ryland,Shepherd,PL,Future Start
3470,Esteban,Gilbert,BPC,Future Start
3471,Jonathan,Adkins,CCDR,Active
3472,Nevaeh,Soto,SVG,Active
3473,Chaim,Mata,EW,Active
3474,Arely,Patton,MSC,Active
3475,Vance,Trujillo,TNS,Active
3476,Charlie,Koch,PYZ,Active
3477,Sonny,Horne,PYZ,Active
3478,Thomas,Chandler,WBL,Active
3479,Sarai,Stone,NEL,Active
3480,Jerimiah,Harmon,PL,Future Start
3481,Leland,Allen,BPC,Future Start
3482,Cristal,Bolton,CCDR,Future Start
3483,Jaslene,Harding,SVG,Active
3484,Albert,Gonzalez,EW,Active
3485,Jaiden,Johnson,MSC,Active
3486,Brendon,Mcconnell,TNS,Active
3487,Kimora,Parsons,BPC,Active
3488,Willie,Patterson,CCDR,Active
3489,Devyn,Powers,EW,Active
3490,Weston,Preston,MSC,Active
3491,Lennon,Buchanan,NEL,Active
3492,Vicente,Merritt,PL,Active
3493,Hugo,Clay,PYZ,Active
3494,Cohen,Raymond,SVG,Active
3495,Tia,Ellis,TNS,Active
3496,Aspen,Bentley,WBL,Active
3497,Graham,Rodriguez,TNS,Active
3498,Joel,Mcmillan,PYZ,Active
3499,Maci,Frost,WBL,Active
3500,Nevaeh,Lucas,NEL,Active
3501,Garrett,Zimmerman,PL,Future Start
3502,Eugene,Marks,BPC,Active
3503,Geovanni,Pugh,CCDR,Active
3504,Javon,Kelley,SVG,Active
3505,Amaya,Hicks,EW,Active
3506,Laila,Woodard,MSC,Active
3507,Ivan,Huff,TNS,Active
3508,Aidan,Harding,CCDR,Active
3509,Cruz,Boyer,BPC,Active
3510,Raven,Koch,PYZ,Active
3511,Karli,Barker,WBL,Active
3512,Tyrone,Sosa,NEL,Future Start
3513,Damaris,Cisneros,PL,Future Start
3514,Alexus,Estes,BPC,Active
3515,Kinsley,Flowers,CCDR,Future Start
3516,Deborah,Love,SVG,Active
3517,Milagros,Francis,EW,Active
3518,Roberto,Michael,MSC,Active
3519,Elaine,Ewing,TNS,Active
3520,Caiden,Munoz,TNS,Active
3521,Jocelyn,Bradford,WBL,Active
3522,Marques,Armstrong,BPC,Active
3523,Rohan,Chapman,CCDR,Active
3524,Emmanuel,Franklin,EW,Future Start
3525,Clayton,Mccormick,MSC,Future Start
3526,Darius,Krause,NEL,Active
3527,Ahmed,Hawkins,PL,Active
3528,Kymani,Benjamin,PYZ,Active
3529,Callum,Mcdaniel,SVG,Active
3530,Zariah,Black,TNS,Active
3531,Ronnie,Mayer,WBL,Active
3532,Marlon,Ford,EW,Active
3533,Slade,Griffith,MSC,Active
3534,Lee,Frye,TNS,Active
3535,Veronica,Rowe,PYZ,Active
3536,Aylin,Berg,WBL,Active
3537,Neveah,Rowe,NEL,Future Start
3538,Keith,Baxter,PL,Future Start
3539,Chaz,Bruce,BPC,Active
3540,Maya,Mccann,CCDR,Active
3541,Aaron,Weber,SVG,Active
3542,Ellie,Gill,EW,Active
3543,Rayne,Kerr,MSC,Active
3544,Samara,Mcbride,TNS,Active
3545,Ryann,Rubio,EW,Active
3546,Paris,Carr,CCDR,Active
3547,Adriel,Wiggins,BPC,Active
3548,Sanaa,Glass,WBL,Active
3549,Ryan,Lynch,TNS,Active
3550,Charlie,Atkinson,SVG,Future Start
3551,Emery,Roach,PYZ,Active
3552,Harper,Ramos,PL,Active
3553,Khalil,Mendez,NEL,Active
3554,Lizeth,Holland,MSC,Active
3555,Matilda,Randall,EW,Active
3556,Damien,Howe,CCDR,Active
3557,Nicholas,Obrien,BPC,Active
3558,Mildred,Gentry,MSC,Active
3559,Wilson K,Adinolfi,NEL,Active
3560,Joanne,Handschiegl,MSC,Active
3561,Dianna,Blount,BPC,Active
3562,Jean,Crimmings,CCDR,Future Start
3563,Nore,Sadki,WBL,Active
3564,Susan,Lundy,SVG,Voluntarily Terminated
3565,Kramer,Keatts,WBL,Active
3566,Maliki,Moumanil,PL,Active
3567,Nader,Barton,EW,Active
3568,Quinn,Rarrick,EW,Voluntarily Terminated
3569,Beatrice,Chace,MSC,Active
3570,Adrienne J,Homberger,TNS,Voluntarily Terminated
3571,Marilyn,Linares,NEL,Voluntarily Terminated
3572,Timothy,Sullivan,WBL,Active
3573,Jennifer,Medeiros,NEL,Active
3574,Anna,Von Massenbach,WBL,Future Start
3575,George,Johnson,MSC,Voluntarily Terminated
3576,Angela,Erilus,PL,Active
3577,Miguel,Estremera,BPC,Active
3578,Clinton,Owad,WBL,Active
3579,Constance,Sloan,BPC,Active
3580,Davion,Sanchez,PYZ,Active
3581,Ross,Strickland,SVG,Active
3582,Augustus,Drake,TNS,Active
3583,Gracelyn,Huynh,WBL,Active
3584,Orlando,Armstrong,BPC,Active
3585,Edward,Everett,CCDR,Active
3586,Jaqueline,Terrell,EW,Active
3587,Quinn,Mccullough,MSC,Active
3588,Selena,Greer,NEL,Active
3589,Giovani,Roy,PL,Active
3590,Dominik,Mullen,PYZ,Future Start
3591,Abdullah,Ellison,SVG,Future Start
3592,Andre,Guzman,TNS,Future Start
3593,Brayden,Malone,WBL,Active
3594,Maribel,Morrison,PYZ,Active
3595,Fisher,Stafford,WBL,Active
3596,Kellen,Medina,NEL,Active
3597,Brenton,Monroe,PYZ,Future Start
3598,Derick,Rocha,SVG,Voluntarily Terminated
3599,Elaine,Weeks,TNS,Active
3600,Marely,Dixon,WBL,Active
3601,Keagan,Henson,BPC,Active
3602,Helena,Davenport,CCDR,Voluntarily Terminated
3603,Houston,Aguirre,EW,Voluntarily Terminated
3604,Kane,Owen,MSC,Active
3605,Emerson,Pitts,CCDR,Active
3606,Clarissa,Winters,SVG,Voluntarily Terminated
3607,Frankie,Atkins,EW,Active
3608,Ally,Zhang,MSC,Active
3609,Kayleigh,Harmon,TNS,Active
3610,Kayley,Myers,PYZ,Active
3611,Rowan,Cobb,WBL,Active
3612,Edward,Mann,NEL,Active
3613,Amirah,Johnson,PL,Active
3614,Bridget,Deleon,BPC,Active
3615,Martin,Weber,CCDR,Future Start
3616,Ruben,Lewis,SVG,Active
3617,Bailey,Collier,EW,Active
3618,Charlee,Roth,MSC,Active
3619,Karissa,Bowers,TNS,Active
3620,Noel,Ramirez,PYZ,Active
3621,Victoria,Franco,WBL,Active
3622,Danika,Fleming,SVG,Active
3623,Jocelyn,Kline,EW,Active
3624,Cesar,Higgins,MSC,Active
3625,Gabriel,Dodson,TNS,Voluntarily Terminated
3626,Raphael,Sandoval,PYZ,Active
3627,Ruth,Harrell,WBL,Voluntarily Terminated
3628,Peyton,Barber,NEL,Active
3629,Reginald,Lowery,NEL,Voluntarily Terminated
3630,Stephanie,Briggs,MSC,Active
3631,Shaniya,Becker,EW,Active
3632,Ryan,Oconnell,CCDR,Active
3633,Emma,Ware,BPC,Active
3634,Keyon,Haley,PYZ,Active
3635,Kylee,Bates,WBL,Active
3636,Marc,Chandler,NEL,Active
3637,Abdullah,Pruitt,PL,Active
3638,Shamar,Roth,BPC,Active
3639,Jaylen,Acosta,CCDR,Future Start
3640,Kale,House,SVG,Active
3641,Kiersten,Ellis,EW,Future Start
3642,Karissa,Carrillo,MSC,Future Start
3643,Issac,Whitehead,TNS,Active
3644,Madisyn,Andrews,PYZ,Active
3645,Madyson,Rhodes,WBL,Active
3646,Brenton,Rodriguez,SVG,Active
3647,Nathen,Arias,EW,Voluntarily Terminated
3648,Keyon,Hensley,MSC,Active
3649,Elisha,Ruiz,TNS,Active
3650,Amirah,Stanley,PYZ,Voluntarily Terminated
3651,Jeremy,Meyer,WBL,Active
3652,Owen,Dillon,NEL,Voluntarily Terminated
3653,Bridget,Bray,PL,Voluntarily Terminated
3654,Cassius,Gates,PYZ,Active
3655,Martha,Kemp,SVG,Active
3656,Francesca,Mcmahon,TNS,Active
3657,Lorelei,Walls,WBL,Active
3658,Emery,Gillespie,BPC,Active
3659,Kaylee,Baldwin,CCDR,Active
3660,Aron,Hester,EW,Active
3661,Reagan,Brennan,MSC,Active
3662,Hugh,Berry,NEL,Active
3663,Brandon,Anderson,PL,Future Start
3664,Diana,Garza,PYZ,Future Start
3665,Dalton,Bowen,SVG,Active
3666,Davin,Peters,TNS,Active
3667,Leyla,Warren,WBL,Active
3668,Victoria,Allen,BPC,Active
3669,Tyler,Hines,CCDR,Voluntarily Terminated
3670,Sandra,Atkinson,SVG,Active
3671,Simone,Hayes,EW,Voluntarily Terminated
3672,Rhett,Valenzuela,MSC,Active
3673,Lane,Zuniga,TNS,Voluntarily Terminated
3674,Isabelle,Shields,BPC,Voluntarily Terminated
3675,Mario,Mays,CCDR,Active
3676,Leah,Robinson,BPC,Active
3677,Dayami,Bailey,CCDR,Active
3678,Ramon,Fleming,SVG,Active
3679,Pedro,Harrison,EW,Active
3680,Harrison,Hudson,MSC,Active
3681,Taniya,Lane,TNS,Active
3682,Rene,Wallace,PYZ,Active
3683,Kai,Gaines,WBL,Active
3684,Noelle,Levy,NEL,Active
3685,Kylie,Jimenez,PL,Active
3686,Carly,Figueroa,BPC,Future Start
3687,Bria,Mcpherson,CCDR,Active
3688,Brynn,Harding,SVG,Future Start
3689,Rashad,Wells,EW,Active
3690,Jaylene,Deleon,MSC,Active
3691,Chace,Church,TNS,Active
3692,Zayne,Hunter,PYZ,Active
3693,Amya,Vega,SVG,Active
3694,Nickolas,West,EW,Voluntarily Terminated
3695,Cason,Neal,MSC,Voluntarily Terminated
3696,Aldo,Dyer,TNS,Voluntarily Terminated
3697,Sonia,Skinner,PYZ,Active
3698,Julien,Banks,WBL,Active
3699,Madelyn,Mcdonald,PYZ,Voluntarily Terminated
3700,Brenden,Nash,PL,Active
3701,Genesis,Coleman,NEL,Active
3702,Justice,Branch,MSC,Active
3703,Addisyn,Guerrero,EW,Active
3704,Addisyn,Aguilar,CCDR,Active
3705,Marcos,Gallagher,BPC,Active
3706,Mareli,Parker,WBL,Active
3707,Joshua,Mitchell,TNS,Active
3708,Case,Gaines,SVG,Active
3709,Jacey,Reyes,PYZ,Active
3710,Dean,Middleton,PL,Active
3711,Marlene,Bates,NEL,Active
3712,Kyra,Ray,MSC,Future Start
3713,Melanie,Kennedy,EW,Active
3714,Aleena,Mercer,CCDR,Active
3715,Jake,White,BPC,Active
3716,Chaim,Chase,SVG,Voluntarily Terminated
3717,Keshawn,Le,EW,Active
3718,Dalton,Frazier,MSC,Voluntarily Terminated
3719,Cannon,Hester,TNS,Active
3720,Crystal,Brandt,PYZ,Active
3721,Johnny,Goodman,NEL,Active
3722,Nehemiah,Hancock,PL,Voluntarily Terminated
3723,Elliana,Villanueva,BPC,Voluntarily Terminated
3724,Essence,Schwartz,CCDR,Voluntarily Terminated
3725,Ryker,Cox,SVG,Active
3726,Averi,Stevenson,EW,Active
3727,Katherine,Russo,MSC,Active
3728,Aydan,Robbins,TNS,Active
3729,Heaven,Walls,BPC,Active
3730,Bobby,Chung,CCDR,Active
3731,Maximus,Fields,EW,Active
3732,Orion,Ochoa,MSC,Active
3733,Halle,Boyd,NEL,Future Start
3734,Lindsey,Rocha,PL,Active
3735,Chace,Gray,PYZ,Active
3736,Carsen,Wheeler,SVG,Active
3737,Arielle,Escobar,TNS,Active
3738,Kaitlynn,Blair,SVG,Voluntarily Terminated
3739,Amir,Melendez,EW,Voluntarily Terminated
3740,Monique,Buckley,MSC,Voluntarily Terminated
3741,Clark,Blanchard,TNS,Voluntarily Terminated
3742,Gabriel,Pearson,PYZ,Active
3743,Mercedes,Cook,WBL,Active
3744,Skyler,Blankenship,NEL,Active
3745,Jordan,Davis,PL,Voluntarily Terminated
3746,Bridget,Wu,BPC,Active
3747,Gabriel,Kirk,CCDR,Voluntarily Terminated
3748,Aron,Ali,SVG,Active
3749,Kayden,Soto,EW,Active
3750,Micaela,Conner,MSC,Active
3751,Arthur,Mitchell,TNS,Active
3752,Deven,Morse,PYZ,Active
3753,George,Villegas,WBL,Active
3754,Arielle,Potts,NEL,Active
3755,Maxwell,Howell,PL,Future Start
3756,Junior,Bridges,BPC,Active
3757,Salvatore,Noble,CCDR,Future Start
3758,Heath,Hodges,SVG,Voluntarily Terminated
3759,Gabriella,Warner,EW,Active
3760,Ryan,Tate,MSC,Active
3761,Hazel,Vincent,CCDR,Active
3762,Gavyn,Riggs,SVG,Active
3763,Giancarlo,Cross,EW,Voluntarily Terminated
3764,Cristal,Bradshaw,MSC,Active
3765,Guadalupe,Burke,TNS,Active
3766,Elisa,Henry,PYZ,Active
3767,Kale,Fischer,TNS,Voluntarily Terminated
3768,Morgan,Blackwell,SVG,Active
3769,Ivan,Wright,PYZ,Active
3770,Nayeli,Hood,PL,Voluntarily Terminated
3771,Marilyn,Smith,NEL,Voluntarily Terminated
3772,Zoie,Rowland,MSC,Active
3773,Ann,Nguyen,EW,Voluntarily Terminated
3774,Ramiro,Savage,CCDR,Active
3775,Karma,Koch,BPC,Active
3776,Jacqueline,Hendrix,WBL,Active
3777,Kaitlin,Barker,TNS,Active
3778,Semaj,Griffith,SVG,Active
3779,Damian,Burke,PYZ,Future Start
3780,Jessie,Smith,PL,Future Start
3781,Hezekiah,Cummings,NEL,Future Start
3782,Brody,House,MSC,Voluntarily Terminated
3783,Aaliyah,Watts,EW,Active
3784,Ashton,Larsen,CCDR,Active
3785,Joshua,Gibson,PL,Active
3786,Kyleigh,Bauer,PYZ,Voluntarily Terminated
3787,Ramon,Schultz,SVG,Voluntarily Terminated
3788,Maxim,Houston,TNS,Voluntarily Terminated
3789,Deanna,Sellers,WBL,Active
3790,Frankie,Figueroa,PYZ,Active
3791,Bentley,Rush,WBL,Active
3792,Alexia,Pham,NEL,Active
3793,Roselyn,Roberts,PL,Active
3794,Ayden,Chambers,BPC,Active
3795,Kaitlynn,Serrano,CCDR,Active
3796,Jefferson,White,SVG,Active
3797,Maria,Grant,EW,Active
3798,Bryanna,Ibarra,MSC,Active
3799,Sophie,Zavala,TNS,Active
3800,Amya,Grant,PYZ,Active
3801,Jaydan,Neal,WBL,Active
3802,Amiyah,Ramirez,NEL,Active
3803,Kai,Holt,PL,Future Start
3804,Brendon,Wilson,BPC,Active
3805,Nancy,Short,CCDR,Active
3806,Isabella,Wilkins,SVG,Active
3807,Mayra,Moss,EW,Active
3808,Maria,Gonzalez,PYZ,Active
3809,Jumil,Turpin,TNS,Active
3810,Ann,Daniele,PL,Active
3811,Joe,South,PL,Active
3812,Sarah,Warfield,BPC,Active
3813,Alejandro,Bacong,SVG,Active
3814,Jyoti,Lajiri,EW,Leave of Absence
3815,Neville,Tredinnick,SVG,Active
3816,Anthony,Cisco,WBL,Active
3817,Linda,Dolan,CCDR,Active
3818,Carlos,Merlos,CCDR,Active
3819,Tanya,Morway,MSC,Active
3820,Anita,Shepard,EW,Active
3821,Jeremiah,Semizoglou,TNS,Active
3822,Katrina,Lambert,WBL,Active
3823,Alexzander,Pope,TNS,Active
3824,Derek,Holmes,SVG,Active
3825,Danika,Deleon,PYZ,Active
3826,Sabrina,Durham,PL,Active
3827,Frankie,Carrillo,NEL,Active
3828,Quintin,Solomon,PL,Active
3829,Jaqueline,Pittman,BPC,Active
3830,Mariana,Glass,CCDR,Active
3831,Payton,Cross,SVG,Active
3832,Sloane,Rasmussen,EW,Leave of Absence
3833,Elise,Vazquez,PYZ,Active
3834,Monique,Pierce,WBL,Active
3835,Axel,Higgins,NEL,Active
3836,Marcos,Petty,PL,Active
3837,Mia,Cowan,BPC,Active
3838,Tanya,Leonard,CCDR,Active
3839,Dereon,Page,PL,Active
3840,Meadow,Boyer,BPC,Active
3841,Paris,Simpson,CCDR,Active
3842,Kyla,Durham,SVG,Leave of Absence
3843,Cassidy,Maddox,EW,Leave of Absence
3844,Edgar,Underwood,PYZ,Active
3845,Jaiden,Underwood,WBL,Active
3846,Eugene,Potts,NEL,Active
3847,Gilbert,Klein,PL,Active
3848,Nathaly,Huffman,BPC,Active
3849,Nancy,Clay,CCDR,Active
3850,Kylie,Cantrell,MSC,Active
3851,Vance,Marquez,NEL,Leave of Absence
3852,Dante,Wyatt,PL,Leave of Absence
3853,Rey,Monroe,PYZ,Leave of Absence
3854,Jayden,Mckee,WBL,Active
3855,Brady,Yoder,WBL,Active
3856,Darwin,Allen,TNS,Active
3857,Jasper,Harrison,SVG,Active
3858,Bailey,Humphrey,PYZ,Active
3859,Clare,English,PL,Active
3860,Amy,Sherman,NEL,Active
3861,Lizbeth,Hunt,PL,Active
3862,Eden,Armstrong,BPC,Leave of Absence
3863,Eugene,Mueller,CCDR,Active
3864,Tiffany,Washington,SVG,Leave of Absence
3865,Sloane,Moss,MSC,Active
3866,Kaeden,Vargas,TNS,Active
3867,Lena,Sandoval,PYZ,Active
3868,Adrien,Olsen,WBL,Active
3869,Damari,Brewer,NEL,Active
3870,Annalise,Gross,PL,Active
3871,Kamari,Mcgrath,BPC,Active
3872,Lorena,Rice,CCDR,Active
3873,Eliezer,Stokes,NEL,Active
3874,Aspen,Reyes,PL,Active
3875,Rudy,Richardson,BPC,Active
3876,Alana,Castro,CCDR,Active
3877,Oscar,Lopez,MSC,Active
3878,Carter,Cook,TNS,Active
3879,Liam,Hanna,PYZ,Active
3880,Zara,Pitts,WBL,Active
3881,Abby,Woodward,NEL,Active
3882,Litzy,Esparza,PL,Active
3883,Noemi,Brewer,BPC,Active
3884,Gilberto,Macdonald,CCDR,Active
3885,Armando,Macias,EW,Active
3886,Britney,Kelly,MSC,Active
3887,Emanuel,Haas,NEL,Leave of Absence
3888,Karlie,Drake,PL,Leave of Absence
3889,Myla,Mullen,TNS,Active
3890,Alan,Holland,WBL,Active
3891,Brooklynn,Greene,BPC,Active
3892,Maxwell,Mcpherson,CCDR,Active
3893,Lukas,Freeman,EW,Active
3894,Yesenia,Nielsen,MSC,Active
3895,Myah,Marsh,NEL,Active
3896,Korbin,Gilbert,PL,Active
3897,Jenna,Maddox,NEL,Active
3898,Anaya,Preston,PL,Leave of Absence
3899,Eugene,Pena,BPC,Leave of Absence
3900,Abel,Baker,CCDR,Active
3901,Deven,Merritt,EW,Active
3902,Hadassah,Moran,MSC,Active
3903,Hezekiah,Thompson,TNS,Active
3904,Quintin,Fry,PYZ,Active
3905,Alayna,Hess,WBL,Active
3906,Amaris,Miller,NEL,Active
3907,Barrett,Wilcox,PL,Active
3908,Kimberly,Watson,BPC,Active
3909,Rebecca,Park,CCDR,Active
3910,Caleb,Schneider,WBL,Active
3911,Vanessa,James,NEL,Active
3912,Maribel,Copeland,PL,Leave of Absence
3913,Henry,Zimmerman,BPC,Leave of Absence
3914,Nathanial,Booth,SVG,Active
3915,Rhys,Barry,TNS,Active
3916,Jonas,Rowland,WBL,Active
3917,Chris,Vincent,PYZ,Active
3918,Myah,Waller,WBL,Active
3919,Yaritza,Sherman,NEL,Active
3920,Haley,Weaver,PL,Active
3921,Alessandra,Lee,BPC,Active
3922,Kaitlin,Hickman,CCDR,Active
3923,Giancarlo,Juarez,WBL,Active
3924,Walter,Zuniga,NEL,Active
3925,Anna,Jordan,PL,Leave of Absence
3926,Jeffery,Gamble,BPC,Active
3927,Misael,Hunter,SVG,Active
3928,Audrina,Yu,TNS,Active
3929,Jeramiah,Foster,WBL,Active
3930,Bruce,Wallace,BPC,Active
3931,Giovani,Nelson,CCDR,Active
3932,Ari,Anthony,EW,Active
3933,Laylah,Branch,MSC,Active
3934,Alanna,Mullins,NEL,Active
3935,Arjun,Tyler,PL,Active
3936,Donald,Favis,MSC,Terminated for Cause
3937,Daniff,Hernandez,EW,Active
3938,Lori,Roby,BPC,Active
3939,Thomas,Murray,CCDR,Active
3940,Karthikeyan,Ait Sidi,EW,Active
3941,Ivan,Rogers,BPC,Active
3942,Bianca,Roehrich,PYZ,Voluntarily Terminated
3943,Jason,Salter,NEL,Voluntarily Terminated
3944,Julia,Zhou,SVG,Active
3945,Thelma,Petrowsky,MSC,Active
3946,Jayne,Horton,NEL,Active
3947,Renee,Becker,EW,Terminated for Cause
3948,Randall,Pearson,MSC,Voluntarily Terminated
3949,Claudia N,Carr,SVG,Future Start
3950,Noelle,Johnson,CCDR,Active
3951,Taisha,Goble,MSC,Terminated for Cause
3952,Kramer,Simard,EW,Active
3953,Mark,Griffith,BPC,Active
3954,Denisse,Hayes,CCDR,Active
3955,Draven,Giles,SVG,Active
3956,Aliana,Shaw,EW,Active
3957,Makaila,Nixon,MSC,Active
3958,Mohammed,Orr,TNS,Active
3959,Braylen,Mendoza,PYZ,Terminated for Cause
3960,Andreas,Torres,WBL,Active
3961,Maddison,Perez,NEL,Active
3962,Charlize,Wagner,MSC,Active
3963,Micah,Pace,TNS,Active
3964,Marlee,Stevens,PYZ,Future Start
3965,Precious,Roth,WBL,Active
3966,Konner,Villegas,NEL,Future Start
3967,Anastasia,Gillespie,MSC,Active
3968,Emely,Rice,NEL,Active
3969,Lewis,Nixon,PL,Active
3970,Macy,Webster,PYZ,Active
3971,Ciara,Acevedo,SVG,Active
3972,Eleanor,Patton,TNS,Active
3973,Brooklyn,Tanner,WBL,Terminated for Cause
3974,Zander,Franco,BPC,Terminated for Cause
3975,Kianna,Rhodes,CCDR,Terminated for Cause
3976,Kinsley,Braun,MSC,Active
3977,Gordon,Wu,TNS,Active
3978,Maryjane,Cross,PYZ,Active
3979,Peyton,Phelps,WBL,Future Start
3980,Carmen,Atkins,PL,Active
3981,Kiara,Fox,BPC,Active
3982,Yair,Jennings,CCDR,Active
3983,Kaylie,Velazquez,SVG,Active
3984,Christine,Skinner,EW,Active
3985,Zayne,Mccullough,MSC,Terminated for Cause
3986,Dennis,Key,TNS,Active
3987,Aydan,Benjamin,PYZ,Terminated for Cause
3988,Kenzie,Mullins,SVG,Leave of Absence
3989,Asa,Pham,TNS,Active
3990,Damarion,Schneider,WBL,Future Start
3991,Talan,Rodgers,BPC,Active
3992,Evelin,Snow,SVG,Active
3993,Sienna,Preston,PYZ,Active
3994,Taylor,Dennis,PL,Active
3995,Cortez,Murillo,NEL,Active
3996,Leonel,Combs,MSC,Active
3997,Carmen,Frost,EW,Active
3998,Ace,Krause,CCDR,Terminated for Cause
3999,Reuben,Davila,BPC,Terminated for Cause
4000,Angelique,Mann,PYZ,Terminated for Cause
1001,Susan,Exantus,BPC,Active
1002,Sandra,Martin,NEL,Active
1003,Keyla,Del Bosque,WBL,Active
1004,Andrew,Szabo,PYZ,Active
1005,Luke,Patronick,SVG,Active
1006,Colby,Andreola,MSC,Active
1007,Edward,TRUE,SVG,Voluntarily Terminated
1008,Judith,Carabbio,BPC,Active
1009,Adell,Saada,NEL,Active
1010,Kamari,Hunter,EW,Voluntarily Terminated
1011,Sarah,Malone,MSC,Voluntarily Terminated
1012,Skyler,Blackwell,TNS,Voluntarily Terminated
1013,Jasmin,Shah,PYZ,Active
1014,Kole,Quinn,WBL,Active
1015,Ansley,Jackson,NEL,Active
1016,Jayda,Reese,PL,Active
1017,Julien,Whitehead,BPC,Active
1018,Alan,Haynes,CCDR,Active
1019,Kamryn,Herrera,EW,Voluntarily Terminated
1020,Kelvin,Foster,MSC,Voluntarily Terminated
1021,Joe,Fletcher,TNS,Voluntarily Terminated
1022,Frederick,Howe,PYZ,Active
1023,Nickolas,Davila,WBL,Active
1024,Kasey,Boyer,NEL,Active
1025,Giovanni,Jenkins,PL,Active
1026,Alexis,Moss,BPC,Active
1027,Joanna,Murphy,CCDR,Active
1028,Joseph,Schmidt,PYZ,Voluntarily Terminated
1029,Brittany,Hurley,SVG,Active
1030,Niko,Hamilton,TNS,Active
1031,Ruben,Martinez,WBL,Active
1032,Kiley,Haynes,PYZ,Active
1033,Blaine,Brooks,WBL,Active
1034,Dennis,Livingston,NEL,Active
1035,Case,Russell,PL,Active
1036,Kody,Jimenez,BPC,Active
1037,Zoe,Colon,CCDR,Voluntarily Terminated
1038,Courtney,Cowan,SVG,Active
1039,Nolan,Perez,EW,Voluntarily Terminated
1040,Katrina,Farrell,MSC,Voluntarily Terminated
1041,Camden,Kelly,TNS,Voluntarily Terminated
1042,Milo,Hood,PYZ,Active
1043,Kale,Lang,WBL,Active
1044,Shyanne,Stark,NEL,Active
1045,Elliott,Ashley,PL,Active
1046,Genesis,Todd,CCDR,Voluntarily Terminated
1047,Sincere,Jimenez,SVG,Active
1048,Stephen,Daugherty,EW,Active
1049,Demarion,Morrow,MSC,Voluntarily Terminated
1050,Steven,Schneider,TNS,Active
1051,Devon,Hinton,PYZ,Active
1052,Jacquelyn,Johns,WBL,Active
1053,Blaine,Keith,NEL,Active
1054,Phillip,Salazar,PL,Active
1055,Chaz,Webb,PYZ,Active
1056,Desmond,Anderson,SVG,Active
1057,Sophie,Decker,TNS,Active
1058,Lena,Bryan,WBL,Active
1059,Kelsie,Mccormick,BPC,Active
1060,Frida,Livingston,CCDR,Active
1061,Isai,Alvarado,EW,Active
1062,Travis,Vasquez,BPC,Voluntarily Terminated
1063,Jazlene,Maynard,CCDR,Active
1064,Wyatt,Donovan,SVG,Voluntarily Terminated
1065,Nathaly,Cooper,EW,Active
1066,Gage,Weeks,MSC,Active
1067,Gavin,Frye,TNS,Active
1068,Amber,Ross,PYZ,Active
1069,Wyatt,Edwards,WBL,Active
1070,Karla,Reed,NEL,Active
1071,Yadira,Mcmillan,PL,Voluntarily Terminated
1072,Fernando,Mcconnell,BPC,Active
1073,Sean,Bean,CCDR,Active
1074,Lilianna,Mccall,SVG,Voluntarily Terminated
1075,Salvador,Thomas,EW,Active
1076,Jair,Silva,MSC,Active
1077,Derek,Moreno,TNS,Active
1078,Litzy,Conner,PYZ,Active
1079,Joanna,Burnett,WBL,Active
1080,Abdullah,Frederick,NEL,Active
1081,Armani,Porter,EW,Voluntarily Terminated
1082,Taylor,Sanders,MSC,Active
1083,Iliana,Randall,NEL,Active
1084,Luke,Henderson,PL,Active
1085,Madelyn,Lambert,PYZ,Active
1086,Ava,Pace,SVG,Active
1087,Delaney,Bruce,TNS,Active
1088,Jair,Bullock,WBL,Active
1089,Kayla,Farrell,BPC,Active
1090,Taylor,Gamble,CCDR,Active
1091,Carl,Desimone,PYZ,Active
1092,Sophia,Theamstern,PYZ,Active
1093,Kara,Harrison,NEL,Active
1094,Ming,Huynh,EW,Active
1095,Karen,Mancuso,WBL,Active
1096,Linda,Anderson,PYZ,Active
1097,Nilson,Fernandes,SVG,Active
1098,Alain,Robinson,PL,Voluntarily Terminated
1099,Seffi,Shields,SVG,Active
1100,Horia,Ndzi,EW,Active
1101,Evelyn,Girifalco,TNS,Active
1102,Ermine,Pelletier,EW,Active
1103,Samuel,MacLennan,BPC,Voluntarily Terminated
1104,Sean,Bernstein,PYZ,Active
1105,Shakira,Perry,PL,Voluntarily Terminated
1106,Michael J,Fitzpatrick,BPC,Active
1107,Cybil,Trzeciak,BPC,Active
1108,Barry,Wilber,TNS,Active
1109,Enola,Chivukula,EW,Voluntarily Terminated
1110,Joelle,Burke,NEL,Active
1111,Alexandra,Kirill,BPC,Voluntarily Terminated
1112,Celeste,Johnson,MSC,Active
1113,Nathalia,Hendrix,NEL,Active
1114,Justus,Bowen,PL,Active
1115,Marcus,Bender,PYZ,Active
1116,Ryker,Logan,SVG,Voluntarily Terminated
1117,Payten,Middleton,TNS,Voluntarily Terminated
1118,Harrison,Hunt,WBL,Active
1119,Orlando,Henderson,BPC,Active
1120,Darian,Potts,CCDR,Active
1121,Isabela,Collins,EW,Active
1122,Sierra,Macias,MSC,Active
1123,Giuliana,Farmer,NEL,Active
1124,Pierce,Robbins,PL,Active
1125,Lamont,Bridges,WBL,Active
1126,Gretchen,Richard,NEL,Voluntarily Terminated
1127,Axel,Hart,PL,Active
1128,Emma,Escobar,BPC,Active
1129,Maximilian,Craig,CCDR,Voluntarily Terminated
1130,Erik,Padilla,SVG,Active
1131,Gilbert,Duffy,EW,Active
1132,Raymond,Ayers,NEL,Voluntarily Terminated
1133,Vincent,Wyatt,PL,Voluntarily Terminated
1134,Micah,Stanley,BPC,Voluntarily Terminated
1135,Evan,Chen,CCDR,Active
1136,Serenity,Thornton,SVG,Active
1137,Talan,Rivas,EW,Active
1138,Calvin,Braun,MSC,Active
1139,Cale,Bender,TNS,Active
1140,Kirsten,Vance,PYZ,Active
1141,Cade,Cox,WBL,Active
1142,Ibrahim,Wolfe,NEL,Active
1143,Elianna,Schmitt,PL,Active
1144,Colby,Wolfe,BPC,Active
1145,Autumn,Barrera,TNS,Active
1146,Emmalee,Cervantes,SVG,Active
1147,Ernest,Willis,PYZ,Voluntarily Terminated
1148,Jaxon,Anderson,PL,Active
1149,Precious,Caldwell,NEL,Active
1150,Yahir,Serrano,MSC,Active
1151,Krystal,Peterson,EW,Active
1152,Jadyn,Haley,CCDR,Active
1153,Davis,Roberts,EW,Voluntarily Terminated
1154,Meadow,Avery,MSC,Voluntarily Terminated
1155,Allyson,Owen,NEL,Voluntarily Terminated
1156,Francisco,Simon,PL,Voluntarily Terminated
1157,Trent,Christian,PYZ,Active
1158,Chaya,Boyd,SVG,Voluntarily Terminated
1159,Nehemiah,Rivas,TNS,Active
1160,Wyatt,Spence,WBL,Active
1161,Abram,Fisher,PYZ,Active
1162,Jayleen,Oconnell,WBL,Active
1163,Jordon,Meadows,NEL,Active
1164,Justice,Pineda,PL,Active
1165,Isiah,Decker,BPC,Active
1166,Giada,Boone,WBL,Active
1167,Camryn,Guerra,NEL,Active
1168,Melody,Rollins,PL,Active
1169,Lucia,Cummings,BPC,Active
1170,Jaylen,Serrano,CCDR,Active
1171,Jayson,Bright,SVG,Active
1172,Carlie,Wilkerson,EW,Voluntarily Terminated
1173,Kaylyn,Patrick,BPC,Voluntarily Terminated
1174,Evie,Pope,CCDR,Voluntarily Terminated
1175,Nayeli,Kelley,EW,Voluntarily Terminated
1176,Krista,Franco,MSC,Active
1177,Teresa,Farrell,NEL,Active
1178,Dorian,Fox,PL,Voluntarily Terminated
1179,Madeleine,Sherman,PYZ,Active
1180,Allan,Butler,SVG,Active
1181,Nevaeh,Davila,TNS,Active
1182,Gunnar,Webster,WBL,Active
1183,Aydin,Tate,BPC,Active
1184,Patrick,Mckinney,CCDR,Active
1185,Milagros,Foley,EW,Active
1186,Rachael,Buck,MSC,Active
1187,Rigoberto,Townsend,NEL,Active
1188,Reagan,Odonnell,WBL,Voluntarily Terminated
1189,Roy,Morse,NEL,Voluntarily Terminated
1190,Rafael,Buchanan,PL,Voluntarily Terminated
1191,Kaitlynn,Herman,BPC,Active
1192,Marquise,Santana,CCDR,Active
1193,Jamarion,Mitchell,SVG,Voluntarily Terminated
1194,Gabrielle,Hardy,EW,Voluntarily Terminated
1195,Savion,Stokes,TNS,Leave of Absence
1196,Trevin,Summers,PYZ,Active
1197,Hailie,Bell,WBL,Active
1198,Audrey,Stevens,NEL,Active
1199,Jason,Munoz,PL,Active
1200,Carlee,Foley,BPC,Active
1201,Sarahi,Dodson,CCDR,Voluntarily Terminated
1202,Faith,Carey,SVG,Voluntarily Terminated
1203,Mylie,Salazar,EW,Active
1204,Pablo,Parker,MSC,Active
1205,Ulises,Shea,TNS,Active
1206,Bethany,Terry,PYZ,Active
1207,Kamari,Holloway,WBL,Active
1208,Jazlene,Mcdaniel,NEL,Active
1209,Dane,Kelly,PL,Active
1210,Camila,Dunn,BPC,Active
1211,Aurora,Frederick,CCDR,Voluntarily Terminated
1212,Caylee,Nunez,EW,Voluntarily Terminated
1213,Tamia,Sharp,MSC,Active
1214,Jaliyah,Gamble,NEL,Active
1215,Xander,Savage,PL,Active
1216,Marc,Crosby,PYZ,Voluntarily Terminated
1217,Marques,Zimmerman,SVG,Voluntarily Terminated
1218,Livia,Salazar,WBL,Active
1219,Alana,Choi,BPC,Voluntarily Terminated
1220,Levi,Lawson,CCDR,Voluntarily Terminated
1221,Kane,Black,EW,Voluntarily Terminated
1222,Paola,Weeks,MSC,Voluntarily Terminated
1223,Brooklynn,Mack,NEL,Active
1224,Darrell,Zamora,PL,Voluntarily Terminated
1225,Irvin,Warner,PYZ,Active
1226,Dayton,Castro,SVG,Active
1227,Hailey,Mckay,TNS,Active
1228,Jaquan,Rowland,WBL,Active
1229,David,Velez,BPC,Active
1230,Joslyn,Patel,CCDR,Active
1231,Colt,Archer,EW,Active
1232,Abbigail,Cameron,MSC,Active
1233,Anastasia,Escobar,WBL,Active
1234,Ronin,Mclaughlin,NEL,Voluntarily Terminated
1235,Aliana,Pena,PL,Active
1236,Ramon,Goodwin,BPC,Voluntarily Terminated
1237,Cory,Saunders,CCDR,Voluntarily Terminated
1238,Alessandra,Huynh,SVG,Voluntarily Terminated
1239,Maeve,Holmes,TNS,Voluntarily Terminated
1240,Alejandra,Mclean,PYZ,Active
1241,Reuben,Potter,WBL,Voluntarily Terminated
1242,Marilyn,Greer,NEL,Active
1243,Camila,Nichols,PL,Active
1244,Iris,Bruce,BPC,Active
1245,Henry,Pratt,CCDR,Active
1246,Kira,Soto,SVG,Voluntarily Terminated
1247,Ashanti,Scott,EW,Active
1248,Sarahi,Burke,MSC,Active
1249,Aimee,Terry,TNS,Active
1250,Jerimiah,Jackson,BPC,Active
1251,Callie,Murray,CCDR,Active
1252,Fabian,Young,EW,Active
1253,Juliette,Morton,MSC,Active
1254,Alyvia,Sellers,WBL,Active
1255,Tyler,Gay,NEL,Voluntarily Terminated
1256,Noemi,Randall,PL,Active
1257,Jazlene,Lozano,BPC,Active
1258,Jennifer,Salazar,CCDR,Active
1259,Vaughn,Leonard,SVG,Voluntarily Terminated
1260,Caitlin,Robertson,TNS,Active
1261,Elyse,Huerta,PYZ,Active
1262,Kyle,Sanders,WBL,Voluntarily Terminated
1263,Barrett,Jennings,NEL,Active
1264,Darius,Koch,PL,Active
1265,Kolton,Dawson,BPC,Voluntarily Terminated
1266,Ciara,Cole,CCDR,Voluntarily Terminated
1267,Virginia,Wallace,SVG,Active
1268,Malik,Ochoa,EW,Active
1269,Elyse,Pratt,MSC,Active
1270,Yahir,Hill,TNS,Active
1271,Harley,Abbott,PYZ,Active
1272,Dawson,Pratt,WBL,Active
1273,Michaela,Smith,NEL,Active
1274,Lillie,Leblanc,PL,Active
1275,Sincere,Rivera,CCDR,Active
1276,Lucas,Good,EW,Active
1277,Jonas,Hernandez,MSC,Active
1278,Cason,Tyler,NEL,Active
1279,Malachi,Singleton,PL,Voluntarily Terminated
1280,Natalie,Christensen,MSC,Active
1281,Jordyn,Sheppard,TNS,Voluntarily Terminated
1282,Rohan,Matthews,BPC,Voluntarily Terminated
1283,Taniya,Stafford,CCDR,Active
1284,Cherish,Preston,EW,Active
1285,Briley,Hanson,MSC,Active
1286,Hugo,Tate,NEL,Voluntarily Terminated
1287,Daniel,Griffin,PL,Voluntarily Terminated
1288,Dakota,Salinas,PYZ,Active
1289,Janiyah,Ballard,SVG,Active
1290,Annika,Malone,TNS,Active
1291,Celeste,Lin,WBL,Active
1292,Larissa,Warner,BPC,Active
1293,Lawrence,Cross,CCDR,Active
1294,Kara,Barnes,EW,Active
1295,Emery,Schmidt,PYZ,Active
1296,Adalyn,Vaughan,WBL,Voluntarily Terminated
1297,Chase,Lloyd,NEL,Voluntarily Terminated
1298,Hallie,Delacruz,PL,Active
1299,Tia,Atkins,BPC,Active
1300,Nia,Nicholson,CCDR,Active
1301,Lilian,Norton,MSC,Voluntarily Terminated
1302,Aliana,Pennington,TNS,Voluntarily Terminated
1303,Estrella,Benitez,PYZ,Active
1304,Kylie,Gilbert,WBL,Active
1305,Oscar,Munoz,NEL,Voluntarily Terminated
1306,Dane,Barton,PL,Active
1307,Dexter,Cline,BPC,Voluntarily Terminated
1308,Atticus,Frost,CCDR,Active
1309,Yamilet,Cohen,SVG,Active
1310,Emmalee,Reynolds,EW,Active
1311,Moshe,Taylor,MSC,Active
1312,Irene,Melton,TNS,Active
1313,Eddie,Whitney,PYZ,Active
1314,Marcel,Gomez,WBL,Active
1315,Amy,Foster-Baker,NEL,Active
1316,Janet,King,CCDR,Active
1317,Bonalyn,Boutwell,MSC,Active
1318,Nan,Singh,WBL,Active
1319,Tyrone,Steans,EW,Active
1320,Estelle,Howard,WBL,Active
1321,William,LaRotonda,TNS,Active
1322,Mia,Brown,TNS,Active
1323,Leigh Ann,Smith,PL,Active
1324,Peter,Foley,MSC,Active
1325,Maximus,Carney,TNS,Active
1326,Jaida,Sweeney,PYZ,Active
1327,Rhys,Lawson,WBL,Active
1328,Skyler,Robles,NEL,Active
1329,Allyson,Keller,PL,Active
1330,Eddie,Bauer,MSC,Active
1331,Roger,Taylor,TNS,Active
1332,Marshall,Sellers,PYZ,Active
1333,Cloe,Mcgrath,WBL,Active
1334,Susan,Gordon,NEL,Active
1335,Makenna,Newton,NEL,Active
1336,Kellen,Smith,TNS,Active
1337,Sherlyn,Carroll,WBL,Active
1338,Rogelio,Flores,BPC,Active
1339,Kadence,Gentry,CCDR,Active
1340,Willow,Golden,EW,Active
1341,Amiyah,Sims,CCDR,Active
1342,Jeffery,Hogan,EW,Active
1343,Shaniya,Hamilton,MSC,Active
1344,Johan,Willis,TNS,Active
1345,Seth,Alvarez,PYZ,Active
1346,Aron,Grant,WBL,Active
1347,Haleigh,Carter,NEL,Active
1348,Tatiana,Ayala,WBL,Future Start
1349,Kaylynn,Mcguire,EW,Active
1350,Timothy,Villarreal,MSC,Active
1351,Elliott,Petersen,TNS,Active
1352,Lily,Tyler,PYZ,Active
1353,Noe,Mann,WBL,Active
1354,Christina,Terry,WBL,Future Start
1355,Niko,Durham,SVG,Active
1356,Dante,Strong,EW,Active
1357,Angeline,Perez,MSC,Active
1358,Jairo,Blanchard,TNS,Active
1359,Rishi,Watkins,BPC,Active
1360,Immanuel,Goodwin,CCDR,Active
1361,Elle,Berry,BPC,Future Start
1362,Raphael,Francis,SVG,Active
1363,Hadley,Barrett,EW,Active
1364,Mollie,Jenkins,MSC,Active
1365,Cali,Nolan,TNS,Active
1366,Malik,Crane,PYZ,Active
1367,Bryce,Higgins,WBL,Active
1368,Beatrice,Bean,PYZ,Active
1369,Shea,Novak,CCDR,Active
1370,Mateo,Mcdaniel,SVG,Active
1371,Arianna,Carlson,EW,Active
1372,Frankie,Davenport,MSC,Active
1373,Morgan,Hammond,TNS,Active
1374,Judith,Mccullough,PYZ,Active
1375,Luca,Francis,PYZ,Active
1376,Mallory,Figueroa,CCDR,Active
1377,Larissa,Douglas,SVG,Active
1378,Konnor,Rivas,EW,Active
1379,Fernanda,Yu,MSC,Active
1380,Solomon,Paul,TNS,Active
1381,Emiliano,Young,PYZ,Active
1382,Mason,Ellis,TNS,Active
1383,Athena,Moore,BPC,Active
1384,Karla,Farrell,CCDR,Active
1385,Anderson,Meadows,SVG,Active
1386,Jacey,Braun,EW,Active
1387,Nathan,Kline,MSC,Active
1388,Gabriella,Benitez,TNS,Active
1389,Juan,Gonzalez,NEL,Active
1390,Cayo,Gonzalez,SVG,Active
1391,Taylor,Sparks,MSC,Active
1392,Jeanette,Tippett,PL,Active
1393,Rose,Ivey,SVG,Active
1394,Elijian,Clukey,NEL,Active
1395,Jordan,Winthrop,SVG,Voluntarily Terminated
1396,Shari,Ngodup,SVG,Active
1397,John,Kretschmer,MSC,Active
1398,Debbie,Mangal,PYZ,Active
1399,Helen,Billis,BPC,Active
1400,Yen,Johnston,NEL,Active
1401,Hong,Pham,PL,Active
1402,Linda,Bachiochi,MSC,Active
1403,Lily,DiNocco,SVG,Active
1404,Ned,Miller,BPC,Voluntarily Terminated
1405,Shana,Petingill,PL,Active
1406,Jennifer,Cloninger,PYZ,Active
1407,Elias,Robinson,TNS,Active
1408,Libby,Fidelia,PL,Active
1409,Catherine,Ybarra,MSC,Voluntarily Terminated
1410,Ashanti,Price,SVG,Active
1411,Makenna,Rojas,EW,Active
1412,Rory,Stone,MSC,Active
1413,Ann,Montgomery,TNS,Active
1414,Erin,Holder,BPC,Active
1415,Aubrey,Kim,CCDR,Active
1416,Edward,Love,EW,Active
1417,Paisley,Avery,MSC,Active
1418,Kaiden,Leblanc,NEL,Active
1419,Shania,Bauer,PL,Active
1420,Danna,Hines,PYZ,Active
1421,Bennett,Bowen,SVG,Active
1422,Gianna,Lopez,TNS,Future Start
1423,Azaria,Young,WBL,Active
1424,Aydin,Bautista,BPC,Leave of Absence
1425,Antoine,Schaefer,CCDR,Active
1426,Milagros,Cobb,EW,Voluntarily Terminated
1427,Jean,Duffy,CCDR,Active
1428,Campbell,Doyle,SVG,Active
1429,Deven,Vincent,EW,Voluntarily Terminated
1430,Evangeline,Downs,MSC,Voluntarily Terminated
1431,Kaley,Ali,TNS,Active
1432,Madeline,Bernard,PYZ,Active
1433,Alijah,Singh,SVG,Active
1434,Ayla,Roberts,EW,Active
1435,Isai,Mcfarland,MSC,Active
1436,Brent,Dominguez,TNS,Active
1437,Lorena,Graves,PYZ,Active
1438,Lucian,Mora,WBL,Active
1439,Dangelo,Gould,NEL,Active
1440,Humberto,Horn,PL,Active
1441,Miranda,Chavez,BPC,Active
1442,Makena,Mcintosh,CCDR,Active
1443,Armani,Crawford,SVG,Active
1444,Eugene,Bird,EW,Active
1445,Connor,Larsen,MSC,Future Start
1446,Harley,Mccullough,TNS,Future Start
1447,Lucian,Montoya,PYZ,Leave of Absence
1448,Shiloh,Baird,WBL,Active
1449,Tara,Alvarado,PL,Active
1450,Raina,Vaughan,PYZ,Voluntarily Terminated
1451,Sienna,Bullock,SVG,Active
1452,Tyrese,Goodman,TNS,Active
1453,Giovanni,Landry,WBL,Active
1454,Javon,Moses,WBL,Voluntarily Terminated
1455,Alonso,Williams,PL,Active
1456,Kamila,Rosales,PYZ,Active
1457,Jadiel,French,SVG,Active
1458,Brennan,Jefferson,TNS,Active
1459,Noe,Glenn,WBL,Active
1460,Vaughn,Kim,BPC,Active
1461,Anabel,Evans,CCDR,Active
1462,Elisabeth,Irwin,EW,Active
1463,Bo,Bradford,MSC,Active
1464,Dustin,Beasley,NEL,Active
1465,Dean,Winters,PL,Active
1466,Chanel,Dougherty,PYZ,Active
1467,Phoebe,Dorsey,SVG,Active
1468,Coleman,Bridges,TNS,Active
1469,Juliet,Bautista,WBL,Active
1470,Julia,Lawrence,BPC,Active
1471,Kinley,Dean,CCDR,Voluntarily Terminated
1472,Karina,Mccarthy,SVG,Active
1473,Ruben,Kirby,EW,Active
1474,Alexia,Hughes,MSC,Voluntarily Terminated
1475,Miles,Gill,TNS,Active
1476,Kaden,Woodard,PYZ,Voluntarily Terminated
1477,Frida,Wilkins,CCDR,Active
1478,Kamron,Doyle,SVG,Active
1479,Blaine,Rose,EW,Active
1480,Elena,Gilmore,MSC,Active
1481,Ashlynn,Moses,TNS,Active
1482,Esmeralda,Galvan,PYZ,Active
1483,Ignacio,Wiley,WBL,Active
1484,Lorena,Mahoney,NEL,Active
1485,Krystal,Atkinson,PL,Active
1486,Soren,Merritt,BPC,Active
1487,Frida,Salazar,CCDR,Active
1488,Annie,Peters,SVG,Future Start
1489,Zoie,Mercado,EW,Active
1490,Joanna,Arias,MSC,Active
1491,Tristian,Wilcox,TNS,Active
1492,Zoey,Spence,CCDR,Active
1493,Bradley,Barnes,SVG,Active
1494,Juliana,Schroeder,EW,Voluntarily Terminated
1495,Yasmin,Warren,MSC,Active
1496,Izabella,Barron,TNS,Active
1497,Victoria,Soto,PYZ,Active
1498,Cody,Beard,BPC,Active
1499,Abigayle,Mccann,CCDR,Active
1500,Brenden,Marks,SVG,Active
1501,Jaqueline,Gallagher,EW,Active
1502,Abagail,Banks,MSC,Active
1503,Nickolas,Guzman,TNS,Active
1504,Guillermo,Rose,PYZ,Active
1505,Moises,Brock,WBL,Active
1506,Hayden,Richmond,NEL,Active
1507,Evelin,Sellers,PL,Active
1508,Dereon,Hayes,BPC,Active
1509,Marlee,Mathis,CCDR,Active
1510,Alice,House,SVG,Active
1511,Jonathon,Thompson,EW,Future Start
1512,Kendal,Abbott,MSC,Leave of Absence
1513,Holly,Taylor,PL,Active
1514,Hadassah,Blackburn,PYZ,Active
1515,Shaylee,Hall,SVG,Active
1516,Richard,Nelson,TNS,Active
1517,Leyla,Davila,WBL,Active
1518,Kolten,Calhoun,BPC,Voluntarily Terminated
1519,Camille,Livingston,BPC,Active
1520,Lilianna,Colon,CCDR,Active
1521,Chaim,Patrick,SVG,Active
1522,Amara,Castillo,EW,Active
1523,Joel,Eaton,MSC,Active
1524,Priscilla,Walters,TNS,Active
1525,Nehemiah,Leach,BPC,Active
1526,Ashtyn,Huynh,CCDR,Active
1527,Tristen,Reed,EW,Active
1528,Braedon,Chandler,MSC,Active
1529,Nikolas,Hancock,NEL,Active
1530,Demetrius,Sanders,PL,Active
1531,Tiana,Perry,PYZ,Future Start
1532,Rene,Pena,SVG,Leave of Absence
1533,Angelo,Fox,TNS,Leave of Absence
1534,Ernesto,Madden,CCDR,Active
1535,Amari,Christian,SVG,Active
1536,Lilly,Turner,EW,Active
1537,Rayne,Simpson,MSC,Active
1538,Aaron,Tapia,TNS,Active
1539,Aimee,Santana,PYZ,Voluntarily Terminated
1540,Raegan,Stanton,BPC,Active
1541,Johan,Sosa,CCDR,Active
1542,Stacy,Bonilla,SVG,Active
1543,Valery,Holder,EW,Active
1544,Skye,Cochran,MSC,Active
1545,Jerimiah,Mendez,TNS,Active
1546,Madden,Lam,PYZ,Active
1547,Nicole,Stone,WBL,Active
1548,Brice,Christian,NEL,Active
1549,Sage,Potter,PL,Active
1550,Kyle,Peck,BPC,Active
1551,Zaniyah,Roman,CCDR,Future Start
1552,Katie,Gutierrez,SVG,Future Start
1553,Walker,Baird,EW,Active
1554,Zackery,Sutton,MSC,Leave of Absence
1555,Hazel,Ponce,PL,Active
1556,Joey,Alvarez,PYZ,Active
1557,Titus,Day,SVG,Voluntarily Terminated
1558,Bella,Norris,TNS,Active
1559,Braden,Ballard,WBL,Voluntarily Terminated
1560,Aron,Graham,PYZ,Voluntarily Terminated
1561,Shamar,Cross,PL,Active
1562,Kailee,Harmon,BPC,Active
1563,Alice,Kaufman,CCDR,Active
1564,Cesar,House,SVG,Active
1565,Guillermo,Lynn,EW,Active
1566,Myles,Hart,MSC,Active
1567,Deborah,Kline,TNS,Active
1568,Patricia,Pruitt,PYZ,Active
1569,Alice,Craig,WBL,Active
1570,Mariana,Copeland,NEL,Active
1571,Nick,Merritt,PL,Active
1572,Chance,Warner,BPC,Active
1573,Ryann,Tapia,CCDR,Active
1574,Diego,Hays,SVG,Future Start
1575,Gabriel,Adams,EW,Leave of Absence
1576,Rohan,Mcdowell,MSC,Voluntarily Terminated
1577,Sullivan,Whitehead,PL,Active
1578,Lilliana,Randolph,PYZ,Voluntarily Terminated
1579,Presley,Salazar,SVG,Active
1580,Lilianna,Lynn,TNS,Active
1581,Gerardo,Sampson,WBL,Voluntarily Terminated
1582,Miguel,Kim,BPC,Voluntarily Terminated
1583,Muhammad,Mcpherson,NEL,Voluntarily Terminated
1584,Myles,Jensen,PL,Active
1585,Alessandro,Harris,BPC,Active
1586,Eugene,Reyes,CCDR,Active
1587,Shamar,Guzman,SVG,Active
1588,Mohammed,Mcintyre,EW,Active
1589,Travis,Morgan,MSC,Active
1590,Alessandro,Fuller,TNS,Active
1591,Kamden,Ochoa,PYZ,Active
1592,Charlee,Wiggins,WBL,Active
1593,Natalia,Hamilton,NEL,Active
1594,Kierra,Boone,PL,Active
1595,Charlie,Ramirez,BPC,Active
1596,Chris,Johnson,CCDR,Future Start
1597,John,Bentley,SVG,Future Start
1598,Myla,Mcintyre,EW,Leave of Absence
1599,Demarcus,Ware,BPC,Voluntarily Terminated
1600,Devon,Daniels,CCDR,Active
1601,Odin,Heath,SVG,Active
1602,Bryanna,Mahoney,EW,Active
1603,Ashlynn,Thompson,MSC,Active
1604,Ansley,Duke,TNS,Active
1605,Izaiah,Quinn,NEL,Voluntarily Terminated
1606,Hillary,Clements,PL,Active
1607,Diana,Cameron,BPC,Active
1608,Rhianna,Allison,CCDR,Active
1609,Ramon,Watson,SVG,Active
1610,Raegan,Spence,EW,Active
1611,Jacoby,Singleton,MSC,Active
1612,Kara,Yates,TNS,Active
1613,Beau,Barron,PYZ,Active
1614,Giovanna,Morton,WBL,Active
1615,Braelyn,Dominguez,NEL,Active
1616,Rhett,Andrews,PL,Active
1617,Terrell,Crosby,BPC,Active
1618,Corbin,Roberson,CCDR,Active
1619,Micheal,Drake,SVG,Leave of Absence
1620,Evie,Mclaughlin,EW,Active
1621,Robert,Hubert,MSC,Active
1622,Matthew,Westinghouse,TNS,Active
1623,Jason,Smith,PYZ,Active
1624,Charlie,Wang,WBL,Active
1625,Kurt,Navathe,NEL,Active
1626,Katie,Roper,PL,Active
1627,Maggie,Rachael,BPC,Active
1628,Binh,Le,CCDR,Active
1629,Lucia,Peterson,PL,Terminated for Cause
1630,Nola,Moss,BPC,Terminated for Cause
1631,Chance,Braun,CCDR,Terminated for Cause
1632,Alma,Pennington,SVG,Active
1633,Miley,French,EW,Active
1634,Kole,Levine,MSC,Active
1635,Azul,Watkins,TNS,Active
1636,Landen,Blanchard,SVG,Active
1637,Leroy,Norman,EW,Active
1638,Nikhil,Pineda,MSC,Active
1639,Kadence,Simon,EW,Terminated for Cause
1640,Elliot,Phillips,MSC,Terminated for Cause
1641,Taniya,Daniels,NEL,Terminated for Cause
1642,Julia,Jimenez,PL,Terminated for Cause
1643,Kamden,Paul,SVG,Active
1644,Octavio,Hicks,TNS,Active
1645,Jaidyn,Malone,WBL,Active
1646,Cora,Perez,SVG,Active
1647,Isis,Ayala,EW,Active
1648,Charlee,Calhoun,MSC,Active
1649,Walter,Pruitt,WBL,Active
1650,Julie,Harrington,NEL,Terminated for Cause
1651,Amara,Wood,PL,Terminated for Cause
1652,Nevaeh,Ponce,BPC,Terminated for Cause
1653,Greta,Fields,EW,Active
1654,Zackery,Hess,MSC,Active
1655,Chloe,Gould,TNS,Active
1656,Elyse,Chandler,CCDR,Active
1657,Isaias,Briggs,SVG,Active
1658,Allison,Frank,EW,Active
1659,Joaquin,Hahn,MSC,Active
1660,Drake,Nicholson,WBL,Terminated for Cause
1661,Kenna,Porter,NEL,Active
1662,Peter,Wong,PL,Active
1663,Fatima,Pennington,BPC,Terminated for Cause
1664,Lainey,Ayers,EW,Active
1665,Tania,Jennings,MSC,Active
1666,Kara,Ferrell,TNS,Active
1667,George,Sheppard,BPC,Active
1668,Taniyah,Mcmillan,CCDR,Active
1669,Kole,Avila,SVG,Active
1670,Ernest,Munoz,EW,Active
1671,Rose,Jordan,MSC,Active
1672,Amaris,Torres,CCDR,Active
1673,Titus,Lowe,EW,Active
1674,Savanah,Prince,MSC,Terminated for Cause
1675,Dawson,Pollard,SVG,Active
1676,Moises,Day,TNS,Active
1677,Sadie,Sheppard,WBL,Active
1678,Soren,Coleman,PL,Active
1679,Sage,Morris,BPC,Active
1680,Lillian,Steele,CCDR,Active
1681,Deanna,Meza,SVG,Active
1682,Troy,Todd,EW,Active
1683,Beckett,Shea,MSC,Voluntarily Terminated
1684,Eve,Barker,WBL,Terminated for Cause
1685,Lillie,Wilkerson,NEL,Terminated for Cause
1686,Alexis,Harrell,SVG,Active
1687,Mylee,Snow,EW,Active
1688,Elsa,Mckenzie,MSC,Active
1689,Kolby,Reed,MSC,Active
1690,Kyler,Morales,NEL,Active
1691,Jasiah,Walton,PL,Active
1692,Urijah,Brandt,PYZ,Active
1693,Gianna,Pope,SVG,Active
1694,Malia,Reynolds,TNS,Terminated for Cause
1695,Claire,Gordon,SVG,Terminated for Cause
1696,Joshua,Hall,NEL,Active
1697,Mattie,Peters,MSC,Active
1698,Makai,Nolan,EW,Active
1699,Trevon,Briggs,PL,Active
1700,Gretchen,Weeks,BPC,Active
1701,Corey,Hurst,CCDR,Active
1702,Alison,Pugh,SVG,Active
1703,Kadence,Sandoval,EW,Active
1704,Mckenzie,Kim,CCDR,Active
1705,Randall,Miller,EW,Active
1706,Lailah,Hughes,NEL,Active
1707,Quentin,Calderon,PL,Active
1708,Molly,Fischer,PYZ,Active
1709,Anaya,Stanton,SVG,Active
1710,Jaden,Houston,PL,Active
1711,Lance,Bailey,BPC,Active
1712,Quintin,Hicks,CCDR,Active
1713,Mauricio,Meyers,SVG,Active
1714,Tess,Reilly,EW,Active
1715,Reece,Callahan,WBL,Active
1716,Tyrell,Fuentes,NEL,Active
1717,Benjamin,Kaufman,BPC,Active
1718,Ayla,Mcgrath,CCDR,Active
1719,Katelyn,Stevens,SVG,Active
1720,Jaiden,Christian,MSC,Active
1721,Elliott,Odonnell,NEL,Active
1722,Ronnie,Dillon,PL,Active
1723,Gideon,Saunders,PYZ,Active
1724,Valerie,Davis,TNS,Active
1725,Jamarcus,Thomas,PL,Active
1726,Alden,Powers,NEL,Active
1727,Haylie,Arnold,MSC,Active
1728,James,Cockel,WBL,Active
1729,Donna,Brill,EW,Voluntarily Terminated
1730,Kristen,Squatrito,EW,Active
1731,Erasumus,Monkfish,WBL,Active
1732,May,Roberson,WBL,Voluntarily Terminated
1733,Shana,Maurice,EW,Active
1734,Raul,Garcia,NEL,Active
1735,Rachael,Baczenski,NEL,Voluntarily Terminated
1736,Enrico,Langton,TNS,Active
1737,Colleen,Zima,TNS,Active
1738,Phil,Close,CCDR,Voluntarily Terminated
1739,Hang T,Wolk,CCDR,Active
1740,Lei-Ming,Nguyen,NEL,Active
1741,Denisa S,Dobrin,MSC,Active
1742,Maryellen,Jackson,TNS,Active
1743,David,Gordon,SVG,Active
1744,Mei,Trang,PL,Active
1745,Lindsey,Langford,EW,Active
1746,Brad,Pitt,WBL,Active
1747,Susan,Good,PL,Leave of Absence
1748,Ashley,Rose,PYZ,Active
1749,Kaeden,Gonzales,PYZ,Active
1750,Alissa,Frey,WBL,Active
1751,Presley,Steele,NEL,Active
1752,Boston,Avila,PL,Active
1753,Rodolfo,Michael,BPC,Active
1754,Felix,Fritz,CCDR,Active
1755,Amira,Mcmillan,SVG,Active
1756,Annabelle,Graham,EW,Active
1757,Leia,Mccann,MSC,Active
1758,Henry,Gray,TNS,Active
1759,Jose,Houston,PYZ,Active
1760,Janessa,Mcconnell,WBL,Active
1761,Samson,Ellis,NEL,Voluntarily Terminated
1762,Lauren,Kent,PL,Voluntarily Terminated
1763,Mckenzie,Mack,BPC,Active
1764,Donavan,Chavez,CCDR,Active
1765,Haiden,Coffey,BPC,Active
1766,Kasey,Alexander,PYZ,Active
1767,Kenneth,Peters,WBL,Active
1768,Lucia,Hudson,NEL,Active
1769,Rashad,Randall,PL,Active
1770,Hayley,York,BPC,Active
1771,Salma,Shepard,CCDR,Active
1772,Hallie,Thornton,SVG,Active
1773,Tiana,Bishop,EW,Active
1774,Regina,Garcia,MSC,Active
1775,Julie,Cochran,TNS,Active
1776,Yamilet,Pierce,PYZ,Active
1777,Amare,Hartman,WBL,Active
1778,Cannon,Lee,NEL,Active
1779,Yael,Hodge,PL,Active
1780,Colton,Booker,BPC,Active
1781,Abril,Cunningham,CCDR,Active
1782,Braxton,House,NEL,Voluntarily Terminated
1783,Destiney,Pearson,PYZ,Active
1784,Trystan,Ramos,WBL,Active
1785,Miley,Gutierrez,NEL,Active
1786,Tara,Hoover,PL,Active
1787,Layla,Gutierrez,BPC,Active
1788,Jakayla,Hall,CCDR,Active
1789,Jayson,Ferguson,SVG,Active
1790,Nick,Daniels,EW,Active
1791,Marvin,Abbott,MSC,Active
1792,Sawyer,Oliver,TNS,Active
1793,Linda,Barajas,BPC,Active
1794,Chance,Blackwell,CCDR,Active
1795,Antonio,Mccoy,EW,Voluntarily Terminated
1796,Emmett,Mercado,MSC,Voluntarily Terminated
1797,Clara,Wheeler,NEL,Active
1798,Kieran,Morse,PL,Active
1799,Aliyah,Schmitt,BPC,Voluntarily Terminated
1800,Kyan,Morrison,TNS,Active
1801,Rayan,Stephenson,PYZ,Active
1802,Gael,Jacobs,WBL,Active
1803,Stephany,Neal,NEL,Active
1804,Trevon,Deleon,PL,Active
1805,Phoenix,Pitts,BPC,Active
1806,Nola,Gillespie,CCDR,Active
1807,Jeramiah,Schwartz,SVG,Active
1808,Aaden,Mercer,EW,Active
1809,Nathalia,Good,MSC,Active
1810,Zaria,Benton,TNS,Active
1811,Miley,Ortega,PYZ,Active
1812,Julia,Farmer,WBL,Voluntarily Terminated
1813,Valentin,Lam,NEL,Active
1814,Darnell,Ritter,PL,Active
1815,Kierra,Lozano,BPC,Active
1816,Jamari,Dunn,NEL,Active
1817,Zoey,Page,PL,Active
1818,Kendra,Velez,BPC,Active
1819,Alison,Fuller,WBL,Active
1820,Toby,Cooley,PYZ,Active
1821,Emilie,Hood,WBL,Active
1822,Cortez,Pena,NEL,Active
1823,Abbigail,Blanchard,PL,Active
1824,Abby,Curtis,BPC,Active
1825,Giana,Moore,CCDR,Active
1826,Giada,Santos,SVG,Active
1827,Jessie,Church,EW,Active
1828,Kaylah,Ramos,MSC,Active
1829,Camille,Fritz,TNS,Active
1830,Deangelo,Murillo,PYZ,Active
1831,Emerson,Gallagher,WBL,Voluntarily Terminated
1832,April,Bentley,NEL,Active
1833,Ainsley,Booth,PL,Active
1834,Dereon,Huffman,CCDR,Active
1835,Colin,Cherry,EW,Active
1836,Karla,Hines,MSC,Active
1837,Colton,Decker,NEL,Active
1838,Jayleen,Tran,TNS,Active
1839,Aydin,Perry,PYZ,Active
1840,Jenna,Casey,WBL,Active
1841,Remington,Bullock,NEL,Active
1842,Delaney,Stewart,PL,Active
1843,Saige,Jones,BPC,Active
1844,Camryn,Fritz,CCDR,Active
1845,Amanda,Lambert,SVG,Active
1846,Winston,Callahan,EW,Active
1847,Maverick,Lang,MSC,Active
1848,Harold,Reid,TNS,Active
1849,Cindy,York,PYZ,Active
1850,Breanna,Cardenas,WBL,Voluntarily Terminated
1851,Tripp,Blake,NEL,Voluntarily Terminated
1852,Elaine,Moon,PL,Voluntarily Terminated
1853,Jaime,Morrow,PYZ,Active
1854,Leslie,Potts,WBL,Active
1855,Keith,Haas,NEL,Voluntarily Terminated
1856,Matteo,Oneal,PL,Active
1857,Erik,Graham,BPC,Voluntarily Terminated
1858,Lailah,Haney,TNS,Active
1859,Mohamed,Gay,PYZ,Active
1860,Frankie,Banks,WBL,Voluntarily Terminated
1861,Lorelei,Glass,NEL,Active
1862,Marie,Moyer,PL,Active
1863,Amari,Bowen,BPC,Active
1864,Prince,Dickerson,CCDR,Active
1865,Lane,Church,SVG,Active
1866,Cassie,Nolan,EW,Active
1867,Mauricio,Buchanan,MSC,Active
1868,Briana,Wang,TNS,Active
1869,Salma,Blackwell,PYZ,Active
1870,Shelby,Frazier,WBL,Active
1871,Lindsay,Becker,NEL,Active
1872,Reyna,Good,PL,Active
1873,Nathalie,Rivera,BPC,Active
1874,Saniyah,Schroeder,CCDR,Active
1875,Taylor,Mann,EW,Voluntarily Terminated
1876,Rylee,Stevenson,MSC,Leave of Absence
1877,Waylon,Pennington,NEL,Active
1878,Kobe,Crosby,WBL,Active
1879,Carmen,Davidson,BPC,Voluntarily Terminated
1880,Sidney,Moran,CCDR,Voluntarily Terminated
1881,Alena,Bonilla,EW,Active
1882,Baron,Luna,MSC,Active
1883,Giselle,Butler,NEL,Active
1884,Sophie,Horne,PL,Active
1885,Jabari,Guerrero,PYZ,Active
1886,Ahmed,Montgomery,SVG,Active
1887,Esther,Spears,TNS,Active
1888,Darian,Wall,WBL,Active
1889,Kaleb,Cole,PYZ,Active
1890,Anthony,Terrell,WBL,Active
1891,William,Douglas,NEL,Active
1892,Saniya,Buck,TNS,Active
1893,Kristopher,Owen,BPC,Active
1894,Hadley,Tapia,CCDR,Active
1895,Lillie,Bush,EW,Active
1896,Lamont,Cook,MSC,Active
1897,Danna,Rollins,NEL,Active
1898,Shaun,Velazquez,MSC,Active
1899,Kolton,Duarte,TNS,Active
1900,Jonas,Braun,PYZ,Active
1901,Meadow,Howe,WBL,Active
1902,Sarahi,Raymond,NEL,Active
1903,Taylor,Wiggins,PL,Active
1904,Ezra,Zhang,BPC,Active
1905,Sonia,Chung,CCDR,Active
1906,Bryce,Mills,SVG,Active
1907,Wade,Wiggins,EW,Active
1908,Selina,Gonzalez,MSC,Active
1909,Tyree,Parsons,TNS,Active
1910,Adrian,Murray,PYZ,Active
1911,Kael,Fisher,WBL,Voluntarily Terminated
1912,Erica,French,TNS,Active
1913,Damaris,Oneal,PYZ,Voluntarily Terminated
1914,Rebecca,Craig,WBL,Voluntarily Terminated
1915,Carley,Waters,NEL,Leave of Absence
1916,Kadyn,Harrison,PL,Leave of Absence
1917,Megan,Huang,EW,Active
1918,Callum,Blair,MSC,Active
1919,Emilie,Donaldson,TNS,Voluntarily Terminated
1920,Darius,Duke,PYZ,Voluntarily Terminated
1921,Kenya,Decker,WBL,Active
1922,Tyrese,Sloan,NEL,Active
1923,Giana,Roach,PL,Active
1924,Teagan,Swanson,BPC,Active
1925,Jerome,Fischer,CCDR,Active
1926,Grayson,Preston,SVG,Active
1927,Turner,Bradley,EW,Active
1928,Elvis,Daniels,MSC,Active
1929,Rose,Travis,TNS,Active
1930,Frank,Williams,PYZ,Active
1931,Yurem,Donovan,WBL,Active
1932,John,Smith,BPC,Active
1933,Lynn,Daneault,NEL,Active
1934,Donysha,Kampew,WBL,Voluntarily Terminated
1935,Jordin,Lozano,TNS,Active
1936,Ronald,Gross,BPC,Active
1937,Maryjane,Choi,CCDR,Voluntarily Terminated
1938,Madalynn,Yates,TNS,Active
1939,Angelina,Peck,PYZ,Active
1940,Dario,Shaw,TNS,Active
1941,Deven,Frazier,PYZ,Active
1942,Jett,Kent,TNS,Voluntarily Terminated
1943,Zander,Aguilar,PYZ,Voluntarily Terminated
1944,Alessandro,Chavez,TNS,Active
1945,Jaxson,Brady,TNS,Voluntarily Terminated
1946,Giovanni,Whitaker,WBL,Active
1947,Karen,Goodman,MSC,Active
1948,Skyla,Lambert,TNS,Voluntarily Terminated
1949,Ashlynn,Duffy,MSC,Active
1950,Lilliana,Walker,TNS,Voluntarily Terminated
1951,Lindsay,Copeland,SVG,Voluntarily Terminated
1952,Kristin,Mccarty,TNS,Active
1953,Barbara,Sutwell,PL,Active
1954,Lenora,Tejeda,SVG,Voluntarily Terminated
1955,Ludwick,Harrell,MSC,Active
1956,Courtney,Beatrice,PL,Active
1957,Melisa,Gerke,TNS,Voluntarily Terminated
1958,Lin,Chan,PYZ,Active
1959,Kamrin,Sander,CCDR,Active
1960,Thomas,Rhoads,PYZ,Active
1961,Nina,Panjwani,TNS,Voluntarily Terminated
1962,Megan,Faller,CCDR,Active
1963,Judy,Jung,CCDR,Voluntarily Terminated
1964,April,Evensen,EW,Terminated for Cause
1965,Julissa,Hunts,CCDR,Active
1966,Kristie,Nowlan,TNS,Active
1967,Dawn,Motlagh,PL,Active
1968,Theresa,Wallace,NEL,Active
1969,Allison,Lydon,MSC,Leave of Absence
1970,Trina,Alagbe,PYZ,Active
1971,Betsy,Bondwell,MSC,Voluntarily Terminated
1972,Joe,Smith,EW,Active
1973,Lisa,Lunquist,BPC,Active
1974,Jene'ya,Darson,NEL,Active
1975,Hunter,Cannon,SVG,Active
1976,Jon,Lynn,EW,Active
1977,Paxton,Clarke,MSC,Voluntarily Terminated
1978,Lillian,Hines,TNS,Voluntarily Terminated
1979,Liam,Snow,PYZ,Active
1980,Arianna,Horton,WBL,Active
1981,Ayanna,Short,NEL,Active
1982,Steve,Charles,PL,Active
1983,Ricardo,Bruce,BPC,Active
1984,Laura,Gutierrez,CCDR,Active
1985,Braxton,Rojas,SVG,Active
1986,Sage,Mercer,EW,Active
1987,Chase,Horn,MSC,Active
1988,Juliana,Dyer,TNS,Active
1989,Alec,Stephens,PL,Active
1990,Adriana,Weber,BPC,Active
1991,Lola,Hensley,CCDR,Active
1992,Shamar,Delgado,SVG,Active
1993,Emmanuel,Huang,EW,Active
1994,Brenna,Decker,MSC,Active
1995,Averie,Wolfe,TNS,Active
1996,Gaige,Marsh,PYZ,Active
1997,Karli,Ross,WBL,Active
1998,Amiyah,Beasley,NEL,Active
1999,Kayla,Gibbs,PL,Active
2000,Jocelyn,Jackson,PYZ,Active
2001,Gilbert,Newman,SVG,Voluntarily Terminated
2002,Roberto,Rosales,TNS,Voluntarily Terminated
2003,Justice,Rhodes,WBL,Voluntarily Terminated
2004,Adyson,Esparza,PYZ,Active
2005,Laci,Baird,WBL,Active
2006,Samson,Meza,NEL,Active
2007,Deacon,Bass,PL,Active
2008,Kaila,Johnston,BPC,Active
2009,Cayden,Maynard,CCDR,Active
2010,Araceli,Mcguire,SVG,Active
2011,Naomi,Hardin,EW,Active
2012,Darnell,Eaton,MSC,Active
2013,Zariah,Ritter,TNS,Active
2014,Malaki,Richards,EW,Active
2015,Markus,Robles,MSC,Active
2016,Angela,Kaufman,NEL,Active
2017,Shaniya,Wolfe,PL,Active
2018,Anya,Morton,PYZ,Active
2019,Emery,Peck,SVG,Active
2020,Angelique,Mathis,TNS,Active
2021,Marlee,Woods,WBL,Active
2022,Jocelyn,Valentine,BPC,Active
2023,Sophie,Moran,CCDR,Active
2024,Yair,Snyder,EW,Active
2025,Shamar,Herman,MSC,Active
2026,Ishaan,Schaefer,SVG,Active
2027,Liam,Figueroa,EW,Active
2028,Linda,Combs,MSC,Voluntarily Terminated
2029,Marilyn,Moss,TNS,Active
2030,Yuliana,Nelson,PYZ,Active
2031,August,Wiley,WBL,Active
2032,Lindsay,Pennington,NEL,Active
2033,Nico,Villarreal,PL,Active
2034,Jaliyah,Conway,BPC,Active
2035,Raymond,Gillespie,CCDR,Active
2036,Joey,Montes,SVG,Active
2037,Ian,Hester,EW,Active
2038,Weston,Rios,MSC,Active
2039,Carson,Pennington,TNS,Active
2040,Brynlee,Crawford,NEL,Future Start
2041,Sanai,Rose,PL,Active
2042,Luna,Arroyo,BPC,Active
2043,Lorelai,Hale,CCDR,Active
2044,Darrell,Horne,SVG,Active
2045,Itzel,Nunez,EW,Active
2046,Serena,Lutz,MSC,Active
2047,Gwendolyn,Gray,TNS,Active
2048,Khalil,Lee,PYZ,Active
2049,Corinne,Navarro,WBL,Active
2050,Meadow,Atkins,NEL,Active
2051,Jaden,Charles,CCDR,Active
2052,Blaine,Contreras,SVG,Active
2053,Kolten,Kim,EW,Active
2054,Erika,Mata,MSC,Active
2055,Beau,Olsen,TNS,Active
2056,Kelly,Ellis,PYZ,Active
2057,Nikhil,Rivas,WBL,Active
2058,Brady,Boyd,NEL,Active
2059,Alfred,Manning,PL,Voluntarily Terminated
2060,Angelina,Russell,BPC,Active
2061,King,Garrison,CCDR,Active
2062,Kale,Middleton,SVG,Active
2063,Kailyn,Montgomery,EW,Active
2064,Philip,Cobb,MSC,Active
2065,Bria,Spence,EW,Active
2066,Ellie,Holder,MSC,Active
2067,Denzel,Clark,NEL,Active
2068,Sidney,Lewis,PL,Active
2069,Simon,Rivers,PYZ,Active
2070,Branson,Schneider,SVG,Active
2071,Maren,Whitehead,TNS,Active
2072,Gilbert,Hensley,WBL,Active
2073,Armani,Barker,PYZ,Active
2074,Tamia,Byrd,WBL,Active
2075,Oliver,Richardson,NEL,Active
2076,Nathalia,Larson,PL,Active
2077,Laurel,Chan,PYZ,Active
2078,Alejandra,Barnes,SVG,Voluntarily Terminated
2079,Emilio,Daniel,TNS,Active
2080,Ellie,Robbins,WBL,Active
2081,Vicente,Hansen,BPC,Active
2082,Jordan,Kemp,CCDR,Active
2083,Edith,Richard,EW,Active
2084,Dustin,Snow,MSC,Active
2085,Layton,Goodwin,NEL,Active
2086,Eliza,Munoz,PL,Active
2087,Arianna,Durham,PYZ,Active
2088,Lia,Orr,SVG,Active
2089,Ethan,Rhodes,TNS,Active
2090,Alexis,Nielsen,EW,Active
2091,Adalyn,Bass,MSC,Active
2092,Hadley,Benson,NEL,Active
2093,Carlee,Lang,PL,Active
2094,Eli,Flores,PYZ,Active
2095,Lyric,Solomon,SVG,Active
2096,Jerome,Howard,TNS,Active
2097,Parker,Fritz,WBL,Active
2098,Phillip,Fuentes,BPC,Active
2099,Drake,Wiggins,BPC,Active
2100,Lucy,Santos,CCDR,Active
2101,Justice,Curry,SVG,Voluntarily Terminated
2102,Valeria,Zavala,EW,Active
2103,Nola,Sellers,MSC,Active
2104,Andre,Fields,TNS,Active
2105,Joel,Hanson,PYZ,Active
2106,Tony,Mendoza,WBL,Active
2107,Jacqueline,Black,NEL,Active
2108,Denise,Mccullough,PL,Voluntarily Terminated
2109,Zain,Tanner,BPC,Active
2110,Richard,Deleon,CCDR,Active
2111,Carmelo,Hayden,SVG,Active
2112,Emilio,Pierce,EW,Active
2113,Emerson,Wood,MSC,Active
2114,Abagail,Moran,NEL,Active
2115,Nikhil,Cummings,PL,Active
2116,Stanley,Bowen,BPC,Active
2117,Terrell,Hanna,CCDR,Active
2118,Dale,Mendoza,SVG,Active
2119,Marcos,Carey,EW,Active
2120,Simeon,Pittman,MSC,Active
2121,Jenna,Cochran,TNS,Active
2122,Tia,Kent,BPC,Active
2123,Chace,Farley,CCDR,Active
2124,Spencer,Hicks,SVG,Voluntarily Terminated
2125,Leslie,Zamora,EW,Active
2126,Chasity,Kennedy,MSC,Active
2127,Makena,Benitez,TNS,Active
2128,Remington,Walton,PYZ,Active
2129,Raina,Best,WBL,Active
2130,Paulina,Henderson,NEL,Active
2131,Kaiya,Marsh,PL,Voluntarily Terminated
2132,Scarlett,Brooks,BPC,Active
2133,Makhi,Kramer,CCDR,Active
2134,Beatrice,Faulkner,SVG,Active
2135,Valeria,Mayo,EW,Active
2136,Darrell,Vaughan,MSC,Active
2137,Carlos,Murphy,CCDR,Future Start
2138,Wilson,Sloan,EW,Active
2139,Kaleb,Elliott,MSC,Active
2140,Harley,Jones,NEL,Active
2141,Casey,Dixon,PL,Active
2142,Josue,Gentry,PYZ,Active
2143,Adelaide,Meyer,SVG,Future Start
2144,Pierre,Craig,TNS,Active
2145,Leo,Hickman,WBL,Active
2146,Frankie,Franklin,MSC,Voluntarily Terminated
2147,Vance,Cain,NEL,Active
2148,Joel,Koch,PL,Active
2149,Cheyanne,Hess,PYZ,Voluntarily Terminated
2150,Ishaan,Sheppard,SVG,Active
2151,Areli,Mitchell,TNS,Active
2152,Alexis,Kirby,WBL,Active
2153,Alfred,Caldwell,BPC,Active
2154,Julianna,Vang,CCDR,Active
2155,Arthur,Wilson,EW,Voluntarily Terminated
2156,Ariel,Osborn,MSC,Active
2157,Ansley,Arias,NEL,Active
2158,Melany,Stafford,PL,Active
2159,Matias,Burns,PYZ,Active
2160,Aden,George,SVG,Active
2161,Rodolfo,Franklin,TNS,Active
2162,Juliet,Wall,WBL,Active
2163,London,Contreras,NEL,Active
2164,Kyler,Burton,PL,Active
2165,Yasmine,Hughes,BPC,Active
2166,Dillon,Sullivan,CCDR,Active
2167,Kendrick,Ashley,SVG,Future Start
2168,Rashad,Mayo,EW,Active
2169,Larissa,Warner,MSC,Active
2170,Delilah,Cooke,PL,Active
2171,Simone,Sharp,BPC,Active
2172,Cristofer,Mcbride,CCDR,Voluntarily Terminated
2173,Charlize,Wong,SVG,Voluntarily Terminated
2174,Adelaide,Herman,EW,Active
2175,Kason,Ellison,MSC,Active
2176,Tyree,Weaver,TNS,Active
2177,Landen,Figueroa,PYZ,Active
2178,Francis,Robbins,WBL,Active
2179,Raphael,Solomon,NEL,Voluntarily Terminated
2180,Zariah,Castaneda,PL,Active
2181,Trevin,Lambert,BPC,Active
2182,Nathalie,Hays,CCDR,Active
2183,Bria,Bush,SVG,Active
2184,Mason,Brewer,EW,Active
2185,Salvatore,Snyder,WBL,Voluntarily Terminated
2186,Vivian,Hickman,NEL,Active
2187,Amaris,Kirk,PL,Active
2188,Grant,York,BPC,Active
2189,Tyree,Mahoney,CCDR,Active
2190,Kimberly,Horn,SVG,Active
2191,Paul,Moreno,EW,Active
2192,Macey,Christian,MSC,Active
2193,Joel,Bowen,NEL,Voluntarily Terminated
2194,Isis,Vega,PL,Active
2195,Josie,Mercer,BPC,Active
2196,Ellie,Ortega,CCDR,Voluntarily Terminated
2197,Adrien,Maddox,SVG,Voluntarily Terminated
2198,Landyn,Velez,EW,Active
2199,Lilly,Haynes,MSC,Active
2200,Bianca,Cardenas,TNS,Active
2201,Cayden,Bartlett,PYZ,Active
2202,Desiree,Walker,WBL,Active
2203,Colton,Le,NEL,Voluntarily Terminated
2204,Leonidas,Bridges,PL,Active
2205,Gia,Franco,BPC,Active
2206,Audrina,Williams,CCDR,Active
2207,Sam,Knight,SVG,Active
2208,Lisa,Galia,WBL,Active
2209,Rick,Clayton,PYZ,Active
2210,Julia,Soto,PL,Active
2211,Leonara,Lindsay,WBL,Active
2212,Savanna,Mayo,MSC,Active
2213,Branden,Khan,EW,Active
2214,Aiden,Wade,CCDR,Active
2215,Conrad,Ochoa,BPC,Active
2216,Jaylyn,Bruce,WBL,Active
2217,Kaylie,Ayers,TNS,Active
2218,Abdullah,Arellano,SVG,Active
2219,Hazel,Lane,SVG,Active
2220,Lilah,Harrison,EW,Active
2221,Cedric,Sawyer,MSC,Active
2222,Caiden,Lam,TNS,Active
2223,Isla,Hawkins,BPC,Active
2224,Hadley,Nash,CCDR,Active
2225,Milo,Jensen,EW,Active
2226,Zechariah,Strong,SVG,Active
2227,Raymond,Maldonado,EW,Active
2228,Kayley,Romero,MSC,Active
2229,Antonio,Gray,TNS,Active
2230,Kane,Mcfarland,PYZ,Active
2231,Kylie,Ellis,WBL,Active
2232,Jovan,Giles,NEL,Active
2233,Sheldon,Castillo,MSC,Active
2234,Ariel,Barnes,EW,Active
2235,Kyson,Grimes,CCDR,Active
2236,Princess,Long,BPC,Active
2237,Lyla,Wong,WBL,Active
2238,Shyanne,Livingston,TNS,Active
2239,Dario,Whitney,SVG,Active
2240,Pedro,Nelson,SVG,Active
2241,Carlo,Carr,EW,Active
2242,Aileen,Pacheco,MSC,Active
2243,Dorian,Wu,TNS,Active
2244,Monica,Pham,PYZ,Active
2245,Londyn,Underwood,WBL,Active
2246,Britney,Logan,NEL,Active
2247,Alessandra,Novak,SVG,Active
2248,Ariel,Powers,EW,Active
2249,Jewel,Bryant,MSC,Active
2250,Irene,Kim,TNS,Active
2251,Carla,Willis,PYZ,Active
2252,Ricardo,Fitzgerald,WBL,Active
2253,Steven,Jarvis,PYZ,Active
2254,Benjamin,Marquez,SVG,Active
2255,Gabrielle,Mercer,TNS,Active
2256,Kaylyn,Pham,WBL,Active
2257,Ingrid,Lucero,WBL,Active
2258,Keshawn,Gilmore,TNS,Active
2259,Connor,Wang,SVG,Active
2260,Rocco,Vaughan,EW,Active
2261,Samuel,Jennings,MSC,Active
2262,Shane,Harper,TNS,Active
2263,Kali,Yates,PYZ,Active
2264,Piper,Guzman,WBL,Active
2265,Halle,Pena,SVG,Active
2266,Jameson,Eaton,EW,Active
2267,Antony,Brandt,MSC,Active
2268,Armani,Rogers,TNS,Active
2269,Jacoby,Lyons,PYZ,Active
2270,Dylan,Livingston,PYZ,Active
2271,Raelynn,Compton,SVG,Active
2272,Darryl,Richmond,TNS,Active
2273,Ana,Stafford,WBL,Active
2274,Carlos,Mccoy,BPC,Active
2275,Michael,Albert,EW,Active
2276,Courtney E,Wallace,TNS,Active
2277,Amy,Dunn,CCDR,Active
2278,Kissy,Sullivan,CCDR,Active
2279,Walter,Immediato,EW,Active
2280,Ebonee,Peterson,PYZ,Voluntarily Terminated
2281,Elijiah,Gray,PL,Active
2282,Charles,Bozzi,PL,Active
2283,Sean,Quinn,WBL,Voluntarily Terminated
2284,Jennifer,Zamora,EW,Active
2285,Webster L,Butler,BPC,Active
2286,Brannon,Miller,NEL,Active
2287,Ketsia,Liebig,PYZ,Active
2288,Kelley,Spirea,NEL,Active
2289,Brandon R,LeBlanc,BPC,Active
2290,Debra,Houlihan,EW,Active
2291,Elisa,Bramante,NEL,Active
2292,Jonathan,Hogland,TNS,Active
2293,David,Stanley,CCDR,Active
2294,Ariana,Strickland,PYZ,Active
2295,Everett,Jordan,SVG,Active
2296,Ronnie,Middleton,TNS,Active
2297,Deandre,Richard,WBL,Voluntarily Terminated
2298,Terry,Gay,WBL,Active
2299,Emiliano,Rich,TNS,Active
2300,Wesley,Nguyen,SVG,Active
2301,Lauren,Keith,PYZ,Active
2302,Marlene,Rhodes,PL,Terminated for Cause
2303,Penelope,Jordan,NEL,Terminated for Cause
2304,Marlon,Stanton,MSC,Active
2305,Rosemary,Thornton,EW,Active
2306,Ayanna,Lutz,CCDR,Active
2307,Case,Hahn,BPC,Active
2308,Asia,Rivers,EW,Active
2309,Alexa,Mercer,CCDR,Active
2310,Jade,Sloan,BPC,Active
2311,Araceli,Castillo,PYZ,Active
2312,Maximilian,Carney,WBL,Active
2313,Ayanna,Bowman,NEL,Active
2314,Lia,Blair,PL,Active
2315,Marcelo,Flowers,CCDR,Active
2316,Antwan,Gay,SVG,Active
2317,Jaydan,Hoffman,EW,Active
2318,Faith,Golden,MSC,Active
2319,Kaylee,Harvey,TNS,Voluntarily Terminated
2320,Kristen,Peters,PYZ,Voluntarily Terminated
2321,Hadassah,Gallegos,WBL,Active
2322,Ariel,Cervantes,NEL,Active
2323,Aubree,Villanueva,PL,Active
2324,Aspen,Dixon,BPC,Terminated for Cause
2325,Keenan,Jensen,CCDR,Active
2326,Malakai,Whitehead,SVG,Active
2327,Parker,Cunningham,EW,Active
2328,Kadyn,Herring,MSC,Active
2329,Aubree,Anderson,TNS,Active
2330,John,Forbes,SVG,Active
2331,Violet,Willis,TNS,Active
2332,Jaime,Austin,WBL,Active
2333,Natalee,Lane,BPC,Active
2334,Iris,Preston,CCDR,Active
2335,Magdalena,Fischer,EW,Active
2336,Walter,Dominguez,CCDR,Active
2337,Hallie,Macias,SVG,Active
2338,Ivan,Hull,EW,Active
2339,India,Kemp,MSC,Voluntarily Terminated
2340,Alice,Dudley,TNS,Voluntarily Terminated
2341,Jesus,Hendricks,PYZ,Active
2342,Eli,Owens,WBL,Active
2343,Emelia,Mcintyre,NEL,Active
2344,Jaden,Bates,PL,Active
2345,Nyla,Schwartz,BPC,Terminated for Cause
2346,Taryn,Black,CCDR,Active
2347,Karley,Novak,SVG,Active
2348,Payten,Harvey,EW,Active
2349,Reagan,Atkinson,MSC,Active
2350,Rey,Werner,TNS,Active
2351,Kendall,Mcintyre,EW,Active
2352,Anahi,Frye,MSC,Active
2353,Dalia,Booth,TNS,Active
2354,Charlee,Navarro,PYZ,Active
2355,Karter,Perry,WBL,Active
2356,Sariah,Little,NEL,Active
2357,Antoine,Murray,PL,Active
2358,Summer,Huang,PYZ,Active
2359,Jaylyn,Contreras,SVG,Active
2360,Brenna,York,TNS,Voluntarily Terminated
2361,Braden,Wiggins,WBL,Voluntarily Terminated
2362,Nola,Bullock,BPC,Active
2363,Kaleigh,Keller,CCDR,Active
2364,Milagros,Jimenez,EW,Active
2365,Timothy,Goodwin,MSC,Terminated for Cause
2366,Reese,Kennedy,NEL,Terminated for Cause
2367,Mariam,Doyle,PL,Active
2368,Clinton,Brennan,PYZ,Active
2369,Maximilian,Moyer,SVG,Active
2370,Salvador,Robinson,TNS,Active
2371,Ahmed,Mcmahon,EW,Active
2372,Junior,York,CCDR,Active
2373,Marilyn,Wiley,BPC,Active
2374,Selena,Hebert,WBL,Active
2375,Selena,Adkins,TNS,Active
2376,Erica,Sloan,CCDR,Active
2377,Payton,Nolan,SVG,Active
2378,Leticia,Parks,EW,Active
2379,Carolyn,Sosa,MSC,Voluntarily Terminated
2380,German,Higgins,TNS,Active
2381,Heath,Romero,PYZ,Active
2382,Davion,Friedman,WBL,Active
2383,Danny,Thomas,NEL,Active
2384,Matthias,Dunlap,PL,Terminated for Cause
2385,Sawyer,Little,BPC,Active
2386,Uriel,Brennan,CCDR,Active
2387,Gretchen,Richards,SVG,Active
2388,Madden,Roman,EW,Active
2389,Keshawn,Singh,EW,Active
2390,Barrett,Obrien,MSC,Active
2391,Gisselle,Villanueva,TNS,Active
2392,Demetrius,Mendez,BPC,Active
2393,Rhett,Holmes,NEL,Active
2394,Harold,David,PL,Active
2395,Terrell,Guerra,PYZ,Active
2396,Reginald,Klein,SVG,Voluntarily Terminated
2397,Marcos,Sloan,TNS,Active
2398,Davion,Hahn,WBL,Active
2399,Brice,Phillips,PYZ,Active
2400,Alvaro,Le,WBL,Active
2401,Darien,Young,NEL,Terminated for Cause
2402,Hayley,Chung,PL,Terminated for Cause
2403,Ellis,Maldonado,BPC,Active
2404,Alena,Ibarra,CCDR,Active
2405,Emily,Davidson,SVG,Voluntarily Terminated
2406,Nickolas,Stephens,EW,Active
2407,Lamont,Prince,EW,Active
2408,Gunner,Boone,MSC,Active
2409,Kaitlin,Cooke,TNS,Active
2410,Sam,Gross,PYZ,Active
2411,Nathaly,Stuart,NEL,Active
2412,Frankie,Yang,PL,Active
2413,Alexus,Greer,PYZ,Active
2414,Julianne,Shaw,SVG,Active
2415,Raelynn,Lara,TNS,Active
2416,Leland,Chang,WBL,Active
2417,Hayley,Webb,BPC,Active
2418,Teagan,Rodriguez,CCDR,Terminated for Cause
2419,Kaylyn,Joyce,EW,Active
2420,Carleigh,Garrison,MSC,Active
2421,Brycen,York,NEL,Active
2422,Rigoberto,Gibson,PL,Voluntarily Terminated
2423,Yael,Garcia,PYZ,Active
2424,Jonathon,Montes,SVG,Active
2425,Alexzander,Guzman,MSC,Active
2426,Gunnar,Gray,EW,Active
2427,Emilee,Thompson,CCDR,Active
2428,Emmett,Chandler,BPC,Active
2429,Vincent,Ramsey,BPC,Active
2430,Dallas,Ross,CCDR,Active
2431,Elvis,Kaufman,SVG,Active
2432,Rayna,Gates,EW,Voluntarily Terminated
2433,Darryl,Wiley,MSC,Active
2434,Liam,Blevins,TNS,Active
2435,Easton,Zavala,PYZ,Terminated for Cause
2436,Susan,Wiggins,WBL,Terminated for Cause
2437,Alison,Evans,NEL,Terminated for Cause
2438,Humberto,Rocha,PL,Active
2439,Cordell,Vazquez,BPC,Active
2440,Teagan,Fletcher,CCDR,Active
2441,Camden,Mcclure,SVG,Active
2442,Larissa,Garza,SVG,Active
2443,Camron,Jenkins,EW,Active
2444,America,Buchanan,MSC,Active
2445,Avery,Koch,MSC,Active
2446,Devan,Hall,NEL,Active
2447,Jensen,Mccullough,PL,Active
2448,Kristin,Hickman,PYZ,Voluntarily Terminated
2449,Chana,Fox,SVG,Voluntarily Terminated
2450,Vivian,Bright,TNS,Active
2451,Rosa,Rosales,WBL,Active
2452,Fabian,Mullins,BPC,Active
2453,Mila,Poole,CCDR,Active
2454,Callum,Mccormick,EW,Active
2455,Jakob,Luna,MSC,Active
2456,Odin,Sampson,NEL,Active
2457,George,Meyers,PL,Active
2458,Angelica,Gamble,PYZ,Active
2459,Bradyn,Pham,SVG,Active
2460,Konner,Pierce,EW,Active
2461,Tucker,Haas,EW,Active
2462,Lainey,York,NEL,Active
2463,Ava,Chan,PL,Active
2464,Marquise,Pacheco,BPC,Active
2465,Callum,Miles,CCDR,Active
2466,Natasha,Valdez,SVG,Voluntarily Terminated
2467,Talia,Barrett,EW,Voluntarily Terminated
2468,Kailyn,Torres,MSC,Active
2469,Uriah,Pennington,TNS,Active
2470,Cesar,Hunter,BPC,Active
2471,Brianna,Hurley,CCDR,Active
2472,Ariel,May,EW,Active
2473,Anastasia,Hardy,MSC,Active
2474,Aliana,Blake,NEL,Active
2475,Houston,Burnett,PL,Voluntarily Terminated
2476,Case,Conley,PYZ,Active
2477,Trevin,Shannon,PL,Active
2478,Braden,Nicholson,PYZ,Active
2479,Mireya,Sutton,SVG,Active
2480,Jason,Foss,CCDR,Active
2481,Simon,Roup,PL,Active
2482,Eric,Dougall,PYZ,Active
2483,Peter,Monroe,WBL,Active
2484,Brian,Champaigne,SVG,Active
2485,Alex,Sweetwater,NEL,Active
2486,Ricardo,Ruiz,TNS,Active
2487,Leo,Cooper,PYZ,Active
2488,Braedon,Welch,PL,Active
2489,Graham,Villa,NEL,Active
2490,Kyle,Ali,MSC,Active
2491,Giovanna,Romero,BPC,Active
2492,Natalya,Norman,CCDR,Active
2493,Connor,Carrillo,SVG,Active
2494,Owen,Burch,MSC,Active
2495,Abel,Bush,NEL,Active
2496,Selina,Mullins,PL,Active
2497,Marilyn,Chaney,PYZ,Active
2498,Camron,Keller,PYZ,Terminated for Cause
2499,Ali,Benjamin,PL,Active
2500,Annabelle,Frederick,BPC,Active
2501,Joy,Sellers,CCDR,Active
2502,Charlie,Brady,SVG,Active
2503,Ally,Goodman,PL,Active
2504,Vanessa,Zuniga,BPC,Active
2505,Carleigh,Hendricks,CCDR,Active
2506,Trey,Johnston,SVG,Active
2507,Adalyn,Hess,CCDR,Terminated for Cause
2508,Selina,Tapia,SVG,Active
2509,Madeleine,Paul,EW,Active
2510,Ronald,Lamb,MSC,Active
2511,Ernesto,Beltran,NEL,Active
2512,Lawrence,Obrien,PL,Active
2513,Trinity,Estes,PYZ,Active
2514,Amina,Bush,PL,Active
2515,Mayra,Lynn,NEL,Active
2516,Ally,Brennan,MSC,Active
2517,Alina,Benson,CCDR,Active
2518,Rebekah,Delacruz,SVG,Active
2519,Melody,Wright,NEL,Active
2520,Richard,Oconnell,PL,Active
2521,Olivia,Goodman,BPC,Active
2522,Zaniyah,Parks,PL,Active
2523,Maximilian,Williamson,BPC,Active
2524,Serena,Barajas,CCDR,Active
2525,Larry,Novak,SVG,Active
2526,Kadyn,Marsh,NEL,Active
2527,Nylah,Hood,PL,Active
2528,Rigoberto,Allen,PYZ,Active
2529,Gabriella,Clements,NEL,Active
2530,Hana,Lucero,PL,Active
2531,Luciana,Gill,BPC,Active
2532,Demetrius,Cooley,NEL,Active
2533,Chandler,Reynolds,PL,Active
2534,Iyana,Benjamin,BPC,Active
2535,Antoine,Haney,CCDR,Active
2536,Alfred,Rivas,SVG,Active
2537,Darien,Sawyer,PL,Active
2538,Isaias,Pineda,BPC,Active
2539,Casey,Bradford,CCDR,Active
2540,London,Bautista,CCDR,Active
2541,Kayleigh,Davenport,EW,Active
2542,Koen,Flores,MSC,Active
2543,Ernest,Finley,NEL,Voluntarily Terminated
2544,Wade,Hernandez,SVG,Active
2545,Odin,Key,PYZ,Active
2546,Deven,Huff,PL,Active
2547,Kenna,Simon,NEL,Active
2548,Luz,Garza,PYZ,Active
2549,Tristan,Reed,PL,Active
2550,Beckett,Beck,WBL,Active
2551,Coby,Giles,NEL,Active
2552,Jalen,Jennings,PL,Active
2553,Ralph,Barrera,NEL,Active
2554,Shania,Caldwell,PL,Active
2555,Colby,Horne,BPC,Active
2556,Kaiden,Cunningham,CCDR,Active
2557,Davion,Vasquez,MSC,Active
2558,Maeve,Gordon,WBL,Active
2559,Monserrat,Ferguson,NEL,Active
2560,Nathan,Schmitt,WBL,Active
2561,Ashly,Mullen,NEL,Active
2562,Angelique,Cochran,PL,Active
2563,Kenny,Rojas,BPC,Active
2564,Deandre,Oneal,CCDR,Active
2565,Adison,Huerta,PL,Active
2566,Elisabeth,Bradley,CCDR,Active
2567,Sylvia,Price,CCDR,Active
2568,Eden,Choi,EW,Active
2569,Emerson,Grimes,MSC,Active
2570,Ayden,Wu,NEL,Active
2571,Hayley,Keller,SVG,Active
2572,Alannah,Rivas,PYZ,Active
2573,Jessica,Bunbury,NEL,Voluntarily Terminated
2574,Giovanni,Leruth,EW,Active
2575,Ricardo,Gonzales,PYZ,Active
2576,Caitrin,Strong,CCDR,Active
2577,Jenna,Dietrich,PYZ,Active
2578,Michelle,Carter,MSC,Active
2579,Jackie,Valentin,MSC,Active
2580,Alfred,Digitale,BPC,Active
2581,Howard,Mullaney,MSC,Active
2582,Whitney,Gill,MSC,Active
2583,Gerry,Friedman,PYZ,Active
2584,Noah,Villanueva,TNS,Active
2585,Mike,Guilianno,PYZ,Active
2586,Travis,Ozark,CCDR,Active
2587,Rylee,Frye,NEL,Active
2588,Callum,Ford,PL,Active
2589,Jabari,Frank,BPC,Active
2590,Stephanie,Wilkinson,CCDR,Active
2591,Cruz,Arellano,SVG,Active
2592,Rubi,Shields,EW,Active
2593,Sage,Booker,MSC,Active
2594,Aileen,Wright,TNS,Active
2595,Karly,Ho,PYZ,Active
2596,Thaddeus,Lutz,WBL,Active
2597,Layla,Kane,NEL,Active
2598,Yesenia,Payne,PL,Active
2599,Jase,Waters,BPC,Active
2600,Thomas,Sloan,CCDR,Active
2601,Anya,Baldwin,SVG,Active
2602,Jacquelyn,Austin,EW,Active
2603,Kaitlynn,Aguirre,NEL,Active
2604,Saniyah,Cantu,PL,Active
2605,Jakayla,Dickson,BPC,Active
2606,Aspen,Freeman,CCDR,Active
2607,Lamont,Summers,SVG,Active
2608,Lewis,Hobbs,EW,Active
2609,Harrison,Camacho,MSC,Active
2610,Ronald,Marquez,TNS,Active
2611,Arabella,Hunter,PYZ,Active
2612,Amiya,Richardson,WBL,Active
2613,Raquel,Sosa,NEL,Active
2614,Andy,Stewart,PL,Active
2615,Patrick,Padilla,BPC,Active
2616,Destiney,Navarro,CCDR,Active
2617,Yadira,Barron,SVG,Active
2618,Anika,Bender,EW,Active
2619,Carlo,Giles,WBL,Active
2620,Kaylin,Dillon,NEL,Active
2621,Laura,Bullock,PL,Active
2622,Mary,Moore,BPC,Active
2623,Harper,Clark,CCDR,Active
2624,Charles,Howard,SVG,Active
2625,Jaron,Rojas,EW,Active
2626,Jordyn,Mcguire,MSC,Active
2627,Valentino,Myers,TNS,Active
2628,Charles,Coleman,BPC,Active
2629,Kamden,Cummings,CCDR,Active
2630,Kiley,Wagner,EW,Active
2631,Darien,Young,MSC,Active
2632,Madeline,Suarez,NEL,Active
2633,Zain,Nolan,PL,Active
2634,Hezekiah,Mcgee,PYZ,Active
2635,Maxim,Phillips,SVG,Active
2636,Gwendolyn,Hogan,PYZ,Active
2637,Kaia,Hernandez,WBL,Active
2638,Mathias,Tran,NEL,Active
2639,Simeon,Roy,PL,Active
2640,Magdalena,Whitehead,BPC,Active
2641,Gwendolyn,Mccall,CCDR,Active
2642,Demarion,Harrington,SVG,Active
2643,Katelyn,Brown,EW,Active
2644,Miranda,Keith,MSC,Active
2645,Breanna,Kerr,TNS,Active
2646,Saniya,Ho,PYZ,Active
2647,Rylan,Key,WBL,Active
2648,Nathaly,Stevens,NEL,Active
2649,Maximus,Delgado,PL,Active
2650,Karley,Long,BPC,Active
2651,Demarcus,Frazier,CCDR,Active
2652,Fernando,Richard,SVG,Active
2653,Keon,Gonzalez,PYZ,Active
2654,Lauryn,Anthony,WBL,Active
2655,Amanda,Allison,NEL,Active
2656,Urijah,Houston,PL,Active
2657,Trace,Brandt,BPC,Active
2658,Yuliana,Levine,CCDR,Active
2659,Bailey,Hays,SVG,Active
2660,Sanaa,Valenzuela,EW,Active
2661,Avah,Hayes,MSC,Active
2662,Cody,Bates,TNS,Active
2663,Eli,Grant,PYZ,Active
2664,Felipe,Rollins,WBL,Active
2665,Abdiel,Good,NEL,Active
2666,Kaylyn,Frye,PL,Active
2667,Marisol,Alvarez,BPC,Active
2668,Lane,Willis,CCDR,Active
2669,Jade,Becker,SVG,Active
2670,Vincent,Logan,PYZ,Active
2671,Nasir,Glass,WBL,Active
2672,Quincy,Shannon,NEL,Active
2673,Alena,Walter,PL,Active
2674,Clay,Compton,BPC,Active
2675,Kayden,Fernandez,CCDR,Active
2676,Bryson,Giles,SVG,Active
2677,Demarcus,Small,EW,Active
2678,Presley,Dodson,MSC,Active
2679,Christine,Giles,TNS,Active
2680,Jasmine,Rogers,PYZ,Active
2681,Jaime,Greer,WBL,Active
2682,Keagan,Hutchinson,NEL,Active
2683,Charlize,Ballard,PL,Active
2684,Kendrick,Pollard,BPC,Active
2685,Meadow,Reed,CCDR,Active
2686,Ryker,Hopkins,PYZ,Active
2687,Bruno,Ashley,WBL,Active
2688,Luciana,Steele,NEL,Active
2689,Johnathon,Serrano,PL,Active
2690,Joaquin,Cuevas,BPC,Active
2691,Soren,Downs,CCDR,Active
2692,Ralph,Stone,SVG,Active
2693,Malcolm,Rivas,EW,Active
2694,Adam,Beltran,MSC,Active
2695,Isis,Ortega,TNS,Active
2696,Meadow,Delgado,PYZ,Active
2697,Benjamin,Goodman,WBL,Active
2698,Jaycee,Alexander,NEL,Active
2699,Cannon,Gray,PL,Active
2700,Brynn,Kennedy,BPC,Active
2701,Branden,Ali,CCDR,Active
2702,Sophie,Carrillo,BPC,Active
2703,Saul,Shaw,CCDR,Active
2704,Isla,Mcdaniel,EW,Active
2705,Lea,Cantu,MSC,Active
2706,Yadiel,Riggs,NEL,Active
2707,Annalise,Olsen,PL,Active
2708,Theodore,Castro,PYZ,Active
2709,Emily,Freeman,SVG,Active
2710,Madyson,Yates,TNS,Active
2711,Rachel,Bowers,WBL,Active
2712,Helen,Humphrey,PYZ,Active
2713,Abagail,Villanueva,WBL,Active
2714,Julie,Lloyd,NEL,Active
2715,Alejandro,Wilkinson,PL,Active
2716,Yadiel,Mata,BPC,Active
2717,Colt,Sutton,PYZ,Active
2718,Madalyn,Prince,WBL,Active
2719,Clara,Stewart,NEL,Active
2720,Cheyenne,Herman,PL,Active
2721,Emerson,Zavala,BPC,Active
2722,Sawyer,Oneal,CCDR,Active
2723,Kyleigh,Mathis,SVG,Active
2724,Maximus,Mcdowell,EW,Active
2725,Dean,Little,MSC,Active
2726,Martin,Herrera,TNS,Active
2727,Uriah,Briggs,PYZ,Active
2728,Kianna,Little,WBL,Active
2729,David,Kirk,NEL,Active
2730,Alexandra,Bryant,PL,Active
2731,Denzel,Jensen,BPC,Active
2732,Fletcher,Maxwell,PYZ,Active
2733,Davian,Davis,WBL,Active
2734,Maxim,Mooney,NEL,Active
2735,Santiago,Rosales,PL,Active
2736,Zara,Werner,BPC,Active
2737,Darian,Hansen,CCDR,Active
2738,Kaeden,Branch,SVG,Active
2739,Gabriel,Swanson,EW,Active
2740,Madyson,Chapman,MSC,Active
2741,Kellen,Hill,TNS,Active
2742,Samir,Gray,PYZ,Active
2743,Stephanie,Hampton,WBL,Active
2744,Walter,Mayo,NEL,Active
2745,Harley,Greer,PL,Active
2746,Misael,Pratt,BPC,Voluntarily Terminated
2747,Sneha,Jhaveri,SVG,Active
2748,Melinda,Saar-Beckles,PYZ,Active
2749,Elizabeth,Meads,BPC,Voluntarily Terminated
2750,Patrick,Moran,TNS,Active
2751,Mathew,Linden,NEL,Leave of Absence
2752,Adeel,Osturnka,TNS,Active
2753,Lisa,Cornett,CCDR,Active
2754,Louis,Punjabhi,SVG,Active
2755,Michael,Carey,EW,Active
2756,Earnest,Hankard,TNS,Active
2757,Kimberly,Beak,BPC,Future Start
2758,Jonathan R,LeBel,TNS,Terminated for Cause
2759,Rick,Stoica,PYZ,Active
2760,Adil,Sahoo,BPC,Active
2761,Barbara,Gaul,EW,Active
2762,Carla,Demita,CCDR,Voluntarily Terminated
2763,Paula,Gross,NEL,Active
2764,Francesco A,Barone,WBL,Active
2765,Rex,England,PL,Active
2766,Trina,Hendrickson,EW,Voluntarily Terminated
2767,Colleen,Volk,BPC,Active
2768,Jean,Engdahl,WBL,Active
2769,Paris,Blake,NEL,Active
2770,Neveah,Bird,PL,Active
2771,Tia,Potter,BPC,Terminated for Cause
2772,Alexandra,Bean,CCDR,Active
2773,Tony,Grimes,SVG,Active
2774,Macy,Nielsen,EW,Active
2775,Toby,Yates,MSC,Active
2776,Karlee,Davies,TNS,Active
2777,Hector,Escobar,PYZ,Active
2778,Javon,Mckenzie,WBL,Active
2779,Lilly,Huynh,NEL,Active
2780,Anika,Robbins,PL,Active
2781,Ishaan,Robinson,BPC,Voluntarily Terminated
2782,Paola,Macdonald,CCDR,Active
2783,Lorelei,Sellers,SVG,Active
2784,Gillian,Riddle,TNS,Active
2785,Atticus,White,WBL,Active
2786,Virginia,Nunez,PYZ,Active
2787,Caden,Taylor,WBL,Active
2788,Brooks,Leach,NEL,Voluntarily Terminated
2789,Isabel,Wyatt,CCDR,Active
2790,Angelo,Henry,EW,Active
2791,Joselyn,Moss,MSC,Active
2792,Diamond,Mcclain,NEL,Active
2793,Eden,Dalton,PL,Active
2794,Emely,Parks,PYZ,Active
2795,Corinne,Hopkins,SVG,Active
2796,Destiny,Blake,TNS,Active
2797,Zaria,Kidd,WBL,Active
2798,Adam,Ingram,BPC,Active
2799,Makenna,Foster,CCDR,Active
2800,Nayeli,Keith,EW,Active
2801,Devon,Shannon,MSC,Active
2802,Lucy,Harrington,NEL,Active
2803,Rebecca,Francis,PL,Active
2804,Salma,Frederick,SVG,Active
2805,Avery,Vance,TNS,Active
2806,Stephany,Jenkins,WBL,Active
2807,Brian,Kelly,BPC,Voluntarily Terminated
2808,Keagan,Villa,CCDR,Active
2809,Kendra,Foley,WBL,Active
2810,Jabari,Stanton,NEL,Active
2811,Phoenix,Farley,PL,Active
2812,Aurora,Bass,BPC,Terminated for Cause
2813,Enrique,Parks,CCDR,Active
2814,Kylie,Cox,SVG,Active
2815,Luke,Burke,EW,Active
2816,Ricardo,Mcdonald,MSC,Active
2817,Camila,Hodges,TNS,Active
2818,Tripp,Sanders,PYZ,Active
2819,Davin,Wade,WBL,Active
2820,Pierce,Bender,NEL,Active
2821,Marin,Mosley,PL,Active
2822,Barrett,Sosa,BPC,Active
2823,Eliezer,Briggs,CCDR,Active
2824,Talan,Garrett,EW,Active
2825,Van,Griffin,MSC,Active
2826,Roger,Kaufman,TNS,Leave of Absence
2827,Ignacio,Mcintyre,PYZ,Voluntarily Terminated
2828,Jaydon,Lambert,WBL,Voluntarily Terminated
2829,Serenity,Carlson,WBL,Active
2830,Leslie,Maynard,NEL,Active
2831,Craig,Sherman,PL,Active
2832,Lilyana,Huffman,BPC,Active
2833,Jacey,Reeves,CCDR,Active
2834,Madyson,Silva,SVG,Active
2835,Liberty,Poole,EW,Active
2836,Antonio,Romero,MSC,Active
2837,Jaylen,Butler,TNS,Active
2838,Gloria,Marks,PYZ,Active
2839,Jaylee,Cunningham,WBL,Active
2840,Jordon,Wyatt,NEL,Active
2841,Darien,Doyle,PL,Active
2842,Ryan,Rollins,BPC,Voluntarily Terminated
2843,Manuel,Haley,SVG,Active
2844,Litzy,Lloyd,TNS,Leave of Absence
2845,Jett,York,WBL,Active
2846,Natalia,Bush,BPC,Voluntarily Terminated
2847,Mallory,Carey,CCDR,Future Start
2848,Pierre,Tate,BPC,Terminated for Cause
2849,Shannon,Hurst,CCDR,Active
2850,Carleigh,Schultz,EW,Active
2851,Rihanna,Briggs,MSC,Active
2852,Eden,Levy,NEL,Active
2853,Nathanial,Davis,PL,Terminated for Cause
2854,Eileen,Beard,PYZ,Active
2855,Kale,Potter,SVG,Active
2856,Sage,Boyer,TNS,Active
2857,Dane,Owens,WBL,Active
2858,Colin,Simpson,BPC,Active
2859,Rachel,Buckley,CCDR,Active
2860,Maria,Cameron,EW,Active
2861,Judith,Savage,MSC,Active
2862,Randall,West,SVG,Active
2863,Caitlin,Palmer,EW,Active
2864,Luke,Heath,MSC,Active
2865,Esperanza,Horne,TNS,Voluntarily Terminated
2866,Jadon,Mata,BPC,Active
2867,Gillian,Hawkins,CCDR,Active
2868,Lisa,Griffin,TNS,Active
2869,Nelson,Carpenter,PYZ,Active
2870,Sanai,Sweeney,WBL,Active
2871,Tania,Taylor,NEL,Active
2872,Greta,Horne,PL,Active
2873,Jordyn,Snyder,BPC,Active
2874,Alex,Collins,CCDR,Active
2875,Harley,Walker,SVG,Active
2876,Luka,Novak,EW,Active
2877,Skylar,Riggs,MSC,Active
2878,Shania,Barrera,TNS,Active
2879,Trystan,Fernandez,PYZ,Active
2880,Aimee,Berg,WBL,Active
2881,Kyson,Scott,NEL,Active
2882,Lamar,Kirk,PL,Voluntarily Terminated
2883,Slade,Lynn,CCDR,Active
2884,Riley,Leon,SVG,Active
2885,Humberto,Yoder,EW,Leave of Absence
2886,Michelle,Pearson,MSC,Active
2887,Natalya,Reyes,TNS,Voluntarily Terminated
2888,Celia,Mcpherson,PYZ,Future Start
2889,Matias,Barton,WBL,Future Start
2890,Caitlyn,Vaughan,TNS,Active
2891,Addyson,Pollard,PYZ,Active
2892,Laila,Wiggins,WBL,Active
2893,Terrance,Wiggins,NEL,Active
2894,Aliza,Pace,PL,Active
2895,Mauricio,Stein,BPC,Terminated for Cause
2896,Gia,Winters,CCDR,Active
2897,Aidyn,Cuevas,SVG,Active
2898,Angel,Santos,EW,Active
2899,Johnathan,Huerta,MSC,Active
2900,Katelyn,Garner,TNS,Active
2901,Deshawn,Ayers,PYZ,Active
2902,Siena,Meadows,WBL,Active
2903,Presley,Padilla,NEL,Active
2904,Marquis,Atkinson,PL,Voluntarily Terminated
2905,Gillian,Williams,PL,Active
2906,Anabel,Hanna,PYZ,Active
2907,Celeste,Branch,SVG,Active
2908,Shyanne,Cooper,TNS,Active
2909,Nancy,Barrett,WBL,Active
2910,Ronan,Burke,BPC,Active
2911,Estrella,Ho,TNS,Active
2912,Conor,Petty,PYZ,Active
2913,Cheyanne,Munoz,WBL,Active
2914,Jaycee,Osborn,NEL,Active
2915,Jordyn,Patel,PL,Terminated for Cause
2916,Michael,Acosta,BPC,Terminated for Cause
2917,Janiah,Ball,CCDR,Active
2918,Brice,Medina,SVG,Active
2919,Ismael,Bowers,EW,Active
2920,Caden,Silva,MSC,Active
2921,Yadira,Dean,TNS,Active
2922,Miles,Roberts,BPC,Active
2923,Joel,Spence,CCDR,Active
2924,Kole,Garrison,EW,Voluntarily Terminated
2925,Kaylin,Andersen,CCDR,Active
2926,Yareli,Valdez,SVG,Leave of Absence
2927,Rubi,Sanford,EW,Leave of Absence
2928,Jayden,Bolton,MSC,Active
2929,Izabella,Watson,TNS,Voluntarily Terminated
2930,Jon,Galvan,PYZ,Active
2931,Halle,Chan,MSC,Terminated for Cause
2932,Braeden,Moss,TNS,Terminated for Cause
2933,Fernando,Mcdowell,PYZ,Active
2934,Triston,Ewing,WBL,Active
2935,Pablo,Yates,NEL,Active
2936,Jordan,Hayes,PL,Active
2937,Kianna,Wilkerson,BPC,Active
2938,Paul,Steele,CCDR,Active
2939,Jason,Moyer,SVG,Active
2940,Larissa,Taylor,EW,Active
2941,Aryanna,Larson,MSC,Active
2942,Eliana,Hammond,TNS,Active
2943,Adrien,Krause,PYZ,Active
2944,Annie,Galloway,WBL,Active
2945,Kamryn,Mckinney,NEL,Voluntarily Terminated
2946,Dahlia,Waller,BPC,Active
2947,Alonzo,Bradley,CCDR,Active
2948,Harley,Soto,SVG,Leave of Absence
2949,Belen,Vasquez,EW,Leave of Absence
2950,Charlize,Rocha,MSC,Voluntarily Terminated
2951,Aleena,David,TNS,Active
2952,Bridger,Alvarado,PYZ,Active
2953,Cannon,Morgan,TNS,Active
2954,Weston,Ramsey,WBL,Active
2955,Adison,Ray,PYZ,Active
2956,Aarav,Espinoza,WBL,Active
2957,Destiney,Barry,NEL,Active
2958,Ulises,Herring,PL,Active
2959,Marquis,Cardenas,BPC,Terminated for Cause
2960,Miya,Cruz,CCDR,Active
2961,Erin,Floyd,SVG,Active
2962,Gerald,Johnston,EW,Active
2963,Kendrick,Snyder,MSC,Active
2964,Alyssa,Proctor,TNS,Active
2965,Manuel,Stout,PYZ,Active
2966,Joanna,Bradley,WBL,Active
2967,Sade,Smith,NEL,Active
2968,Lowan M,Biden,CCDR,Active
2969,Lauren,Peters,WBL,Voluntarily Terminated
2970,Shenice,Gold,MSC,Active
2971,Brigit,McCarthy,TNS,Active
2972,Cherly,Robinson,TNS,Active
2973,Jacquelyn,Williams,SVG,Active
2974,Kayla,Peterson,SVG,Active
2975,Bradley J,Knapp,WBL,Active
2976,Richard,Newman,TNS,Leave of Absence
2977,Benjamin,Burkett,NEL,Active
2978,Sam,Athwal,CCDR,Active
2979,Lauren,Mahoney,PL,Active
2980,Theresa,Tinto,SVG,Active
2981,Caroline,Cierpiszewski,TNS,Active
2982,Tanya,Foreman,WBL,Active
2983,Roger,Walker,PL,Active
2984,Tayana,Jeannite,PYZ,Active
2985,Anthony,Heitzman,SVG,Active
2986,Violeta,Ferreira,NEL,Active
2987,Geoff,Dickinson,TNS,Active
2988,Justice,Gentry,MSC,Active
2989,Kason,Kramer,TNS,Active
2990,Alfredo,Perry,PYZ,Active
2991,Skyler,Drake,WBL,Active
2992,Moshe,Copeland,NEL,Active
2993,Harley,Nunez,PL,Active
2994,Sammy,Walter,BPC,Active
2995,Ronnie,Haas,CCDR,Active
2996,Kira,Robertson,SVG,Active
2997,Jaqueline,Ford,EW,Active
2998,Trace,Cherry,MSC,Active
2999,Travis,Cardenas,TNS,Active
3000,Reyna,Hicks,PYZ,Active
3001,Trent,Sandoval,WBL,Active
3002,Reginald,Dougherty,BPC,Active
3003,Paul,Greer,CCDR,Active
3004,Tiara,Velez,EW,Active
3005,Mareli,Wilson,MSC,Active
3006,Efrain,Underwood,NEL,Active
3007,Madeline,Powell,PL,Active
3008,Alfred,Goodman,PYZ,Active
3009,Aracely,Kelly,EW,Active
3010,Morgan,Velazquez,MSC,Leave of Absence
3011,Isla,Becker,TNS,Leave of Absence
3012,Scott,Sanford,BPC,Leave of Absence
3013,Deja,Ritter,CCDR,Active
3014,Amelia,Gamble,EW,Active
3015,Pranav,Middleton,MSC,Active
3016,Moshe,Hunter,NEL,Active
3017,Arjun,Gibson,PL,Active
3018,Alaina,Jenkins,PYZ,Active
3019,Elyse,Morrow,SVG,Active
3020,Lincoln,Brady,TNS,Active
3021,Allisson,Braun,WBL,Active
3022,Leonel,Chang,BPC,Active
3023,Marshall,Lucas,TNS,Voluntarily Terminated
3024,Haiden,Scott,BPC,Active
3025,Kyan,Miranda,CCDR,Active
3026,Ayanna,Garrison,EW,Active
3027,Alan,Woods,MSC,Active
3028,Teagan,Phelps,NEL,Voluntarily Terminated
3029,Malachi,Burnett,PL,Active
3030,Kadin,Mcdowell,PYZ,Active
3031,Reed,Brandt,SVG,Active
3032,Cristofer,Schwartz,EW,Leave of Absence
3033,Jaelynn,Salazar,MSC,Leave of Absence
3034,Macie,Hayes,TNS,Active
3035,Rodney,Snow,PYZ,Active
3036,Reece,Potts,WBL,Active
3037,Catalina,Eaton,NEL,Active
3038,Heidi,Manning,PL,Active
3039,Marquis,Johns,BPC,Active
3040,Areli,Torres,CCDR,Active
3041,Rey,Morton,SVG,Active
3042,Deven,Gillespie,EW,Active
3043,Rowan,Gilbert,MSC,Active
3044,Cullen,Ruiz,TNS,Active
3045,Kamron,Goodwin,PYZ,Active
3046,Claudia,Melton,TNS,Voluntarily Terminated
3047,Francesca,Lowe,PYZ,Active
3048,Violet,Horn,WBL,Active
3049,Carlie,Wagner,NEL,Active
3050,Harmony,Pruitt,PL,Active
3051,Briley,Huerta,BPC,Voluntarily Terminated
3052,Ean,Barajas,CCDR,Active
3053,Dayana,Gregory,SVG,Active
3054,Zaniyah,Mccarthy,SVG,Active
3055,Matthias,Simon,EW,Leave of Absence
3056,Lyric,Butler,MSC,Active
3057,Bridger,Duran,TNS,Leave of Absence
3058,Amirah,Cline,PYZ,Leave of Absence
3059,Izaiah,Gallagher,WBL,Active
3060,Marcelo,Galvan,NEL,Active
3061,Kaylynn,Odom,PL,Active
3062,Oliver,Dalton,BPC,Active
3063,Patience,Henry,CCDR,Active
3064,London,Pennington,SVG,Active
3065,Anna,Salazar,EW,Active
3066,Vicente,Davis,MSC,Active
3067,Annabel,Lewis,TNS,Active
3068,Alana,Nunez,PYZ,Terminated for Cause
3069,Jaylen,Donaldson,WBL,Active
3070,Malakai,Shelton,BPC,Active
3071,Erick,Wood,CCDR,Active
3072,Daniel,Frye,EW,Active
3073,Jayvon,Simpson,MSC,Voluntarily Terminated
3074,Bryant,Singleton,NEL,Voluntarily Terminated
3075,Adam,Meza,PL,Active
3076,Omari,Keller,PYZ,Active
3077,Asher,Miles,CCDR,Active
3078,Makaila,Baxter,SVG,Active
3079,Tommy,Carter,EW,Leave of Absence
3080,Zavier,Reese,MSC,Leave of Absence
3081,Colt,Kemp,TNS,Active
3082,Marco,Robles,PYZ,Active
3083,Nick,Palmer,WBL,Active
3084,Mekhi,Hopkins,NEL,Active
3085,Eileen,Oneal,PL,Active
3086,Alani,Cooley,BPC,Active
3087,Corinne,Campos,CCDR,Active
3088,Heaven,Nelson,SVG,Active
3089,Baylee,Castaneda,EW,Active
3090,Morgan,Roth,MSC,Active
3091,Kali,Hensley,TNS,Terminated for Cause
3092,Beckett,Sandoval,TNS,Active
3093,Isabell,Meadows,PYZ,Active
3094,Jordin,Alexander,WBL,Active
3095,Frederick,Carney,NEL,Active
3096,Baron,Lindsey,PL,Voluntarily Terminated
3097,Rigoberto,Gentry,BPC,Voluntarily Terminated
3098,Rayne,Chambers,CCDR,Active
3099,Laila,Simmons,CCDR,Active
3100,Carsen,Schmidt,SVG,Active
3101,Bethany,Mckay,EW,Active
3102,Eden,Robles,MSC,Leave of Absence
3103,Abel,Snow,TNS,Leave of Absence
3104,Ashton,Winters,PYZ,Active
3105,Josie,Melton,WBL,Active
3106,Bruno,Jimenez,NEL,Active
3107,Elijah,Barr,PL,Active
3108,Oswaldo,Hanson,BPC,Active
3109,Samara,Roberson,CCDR,Active
3110,Luis,Frazier,SVG,Active
3111,Jaquan,Hancock,EW,Active
3112,Emanuel,George,MSC,Terminated for Cause
3113,Giselle,Calderon,TNS,Active
3114,Cullen,French,PYZ,Active
3115,Braiden,Kirby,WBL,Active
3116,Johnathan,Harmon,NEL,Active
3117,Camren,Bridges,PL,Active
3118,Jeramiah,Chandler,BPC,Voluntarily Terminated
3119,Dana,Stevenson,NEL,Active
3120,Angelique,Hogan,PL,Active
3121,Moriah,Dodson,PYZ,Active
3122,Connor,Bray,SVG,Leave of Absence
3123,Zaiden,Leblanc,TNS,Active
3124,Taliyah,Yang,WBL,Leave of Absence
3125,Boston,Cochran,PYZ,Leave of Absence
3126,Amelia,Mueller,WBL,Active
3127,Lillianna,Hull,NEL,Active
3128,Laci,Frederick,PL,Active
3129,Jayda,Chapman,BPC,Active
3130,Kennedy,Beard,CCDR,Active
3131,Alma,Hanna,SVG,Active
3132,Ximena,Suarez,EW,Active
3133,Aydin,Dixon,MSC,Terminated for Cause
3134,Heidi,Joyce,TNS,Active
3135,Elle,Spears,BPC,Active
3136,Cesar,Anderson,CCDR,Active
3137,Dean,Mckenzie,EW,Voluntarily Terminated
3138,Isabell,Wu,MSC,Voluntarily Terminated
3139,Kenny,Blanchard,NEL,Active
3140,Evie,Beard,PL,Active
3141,Aliya,Morton,BPC,Active
3142,Ingrid,Wilkins,CCDR,Active
3143,Morgan,Elliott,SVG,Active
3144,Shannon,Lambert,EW,Active
3145,Prince,Petty,MSC,Leave of Absence
3146,Abril,Joseph,TNS,Active
3147,Bobby,Levy,PYZ,Active
3148,Gustavo,Durham,WBL,Active
3149,Teagan,Stevens,NEL,Active
3150,Neil,Patton,PL,Active
3151,Khalil,Guzman,BPC,Active
3152,Alaina,Mayo,CCDR,Active
3153,Jagger,Morgan,SVG,Active
3154,Donavan,Kennedy,EW,Active
3155,Amy,Frederick,MSC,Terminated for Cause
3156,Pierce,Charles,MSC,Voluntarily Terminated
3157,Deegan,Pham,TNS,Active
3158,Seth,Oneill,PYZ,Active
3159,Mollie,Woodward,WBL,Active
3160,Baylee,Warner,NEL,Active
3161,Celeste,Allison,PL,Voluntarily Terminated
3162,Camryn,Clark,BPC,Active
3163,Geovanni,Crawford,PL,Active
3164,Danielle,Blanchard,BPC,Voluntarily Terminated
3165,Kasey,Pineda,CCDR,Active
3166,Kenzie,Friedman,SVG,Active
3167,Destinee,Mejia,EW,Active
3168,Deshawn,Henry,MSC,Leave of Absence
3169,Cristian,Ritter,TNS,Active
3170,Demarcus,Huffman,PYZ,Active
3171,Regina,Lopez,WBL,Active
3172,Justice,Clark,NEL,Active
3173,Tucker,Sweeney,PL,Active
3174,Roy,Pratt,BPC,Active
3175,Raphael,Whitney,CCDR,Active
3176,Cade,Palmer,SVG,Active
3177,Abel,Potts,EW,Terminated for Cause
3178,Wayne,Leon,MSC,Voluntarily Terminated
3179,Amya,Armstrong,TNS,Active
3180,Johnny,Whitehead,PYZ,Voluntarily Terminated
3181,Antwan,Clayton,WBL,Active
3182,Dexter,Preston,NEL,Active
3183,Uriah,Guerrero,PL,Voluntarily Terminated
3184,Dakota,Oliver,MSC,Active
3185,Selena,Yoder,NEL,Voluntarily Terminated
3186,Kaila,Flowers,PL,Active
3187,Dashawn,Ramirez,PYZ,Active
3188,Meghan,Ray,SVG,Active
3189,Jasiah,Palmer,TNS,Active
3190,Jaiden,Hawkins,WBL,Active
3191,Monserrat,Miranda,BPC,Active
3192,Johnathon,Lynch,CCDR,Active
3193,Dayanara,Murray,EW,Active
3194,Alessandro,Sawyer,MSC,Active
3195,Kaylen,Hogan,NEL,Active
3196,Karley,Michael,PL,Active
3197,Erik,Parks,PYZ,Active
3198,Violet,Bennett,SVG,Active
3199,Hannah,Jacobi,BPC,Active
3200,Peter,Robertson,PL,Active
3201,Josephine,Bugali,EW,Active
3202,Dallas,Leach,WBL,Voluntarily Terminated
3203,Marianne,Eaton,PYZ,Voluntarily Terminated
3204,Bruno,Rossetti,BPC,Active
3205,Roxana,Goyal,TNS,Leave of Absence
3206,Thomas,Barbara,BPC,Active
3207,Lynn,O'hare,PYZ,Active
3208,Abdellah,Veera,CCDR,Voluntarily Terminated
3209,Daniel,Davis,PL,Active
3210,Barbara M,Stanford,WBL,Active
3211,Phylicia,Gosciminski,SVG,Active
3212,Mohammed,Latif,PYZ,Voluntarily Terminated
3213,Hamish,Garneau,WBL,Active
3214,Morissa,Power,PYZ,Active
3215,Jason,Woodson,SVG,Active
3216,Janine,Purinton,MSC,Active
3217,Sarah,Akinkuolie,BPC,Voluntarily Terminated
3218,Spencer,Cole,SVG,Active
3219,Luisa,Monterro,PL,Active
3220,Sandy,Mckenna,SVG,Active
3221,Savanah,Baker,PL,Active
3222,Gloria,Small,BPC,Active
3223,Alisa,Aguirre,CCDR,Active
3224,Sterling,Davila,SVG,Active
3225,Saniya,Bradley,EW,Active
3226,Drake,Ashley,MSC,Active
3227,Rosemary,Manning,TNS,Leave of Absence
3228,Adrianna,Johnston,PYZ,Voluntarily Terminated
3229,Ruby,Bean,WBL,Active
3230,Annalise,Avila,NEL,Leave of Absence
3231,Carley,Irwin,PL,Active
3232,Makenzie,Mercer,BPC,Leave of Absence
3233,Julia,Vargas,CCDR,Leave of Absence
3234,Parker,Harrison,SVG,Active
3235,Emmett,York,EW,Active
3236,Landin,Walton,NEL,Active
3237,Landon,Mayo,PL,Active
3238,Abby,Estes,PYZ,Voluntarily Terminated
3239,Rachael,Pena,SVG,Active
3240,Kyan,Fritz,TNS,Voluntarily Terminated
3241,Lana,Vega,WBL,Active
3242,Alma,Fischer,NEL,Voluntarily Terminated
3243,Harley,Peterson,PL,Active
3244,Kade,Stokes,BPC,Active
3245,Leonel,Tanner,CCDR,Terminated for Cause
3246,Natalia,Burns,SVG,Terminated for Cause
3247,Hailee,Raymond,EW,Active
3248,Micah,Douglas,MSC,Active
3249,Kaley,Pollard,TNS,Active
3250,Seth,Fletcher,PYZ,Active
3251,Elliana,Thomas,WBL,Voluntarily Terminated
3252,Edward,Chung,NEL,Active
3253,Tessa,Estes,PL,Leave of Absence
3254,Charlie,Carson,BPC,Leave of Absence
3255,Lawson,Zuniga,CCDR,Active
3256,Coleman,Huffman,SVG,Active
3257,Sanaa,Reilly,PL,Active
3258,Slade,Randolph,BPC,Active
3259,Dania,Hale,CCDR,Voluntarily Terminated
3260,Roland,Orozco,SVG,Active
3261,Kaylen,Fisher,EW,Leave of Absence
3262,Kasey,Preston,MSC,Active
3263,Cruz,Davila,NEL,Voluntarily Terminated
3264,Alani,Phillips,PL,Terminated for Cause
3265,Giovanni,Klein,BPC,Active
3266,Max,Mahoney,CCDR,Active
3267,Perla,Terry,SVG,Active
3268,Makai,Ochoa,EW,Active
3269,Caiden,Hogan,MSC,Active
3270,Brandon,Dickerson,TNS,Active
3271,Taryn,Snow,PYZ,Voluntarily Terminated
3272,Monserrat,Cooke,WBL,Active
3273,Zaria,Mcintosh,NEL,Active
3274,Arely,May,PL,Leave of Absence
3275,Gina,Kent,BPC,Active
3276,Catherine,Anthony,CCDR,Active
3277,Wade,Beltran,NEL,Active
3278,Mina,Bryant,PL,Active
3279,Jonas,Everett,BPC,Active
3280,Makaila,Pham,CCDR,Voluntarily Terminated
3281,Gloria,Rose,SVG,Active
3282,Rebekah,Carpenter,EW,Active
3283,Iris,Reynolds,MSC,Active
3284,Kennedi,Howell,EW,Voluntarily Terminated
3285,Rashad,Sutton,MSC,Terminated for Cause
3286,Regan,Conrad,NEL,Active
3287,Litzy,Arias,PL,Active
3288,Eden,Silva,PYZ,Active
3289,Kinley,Serrano,SVG,Active
3290,Jaiden,Middleton,TNS,Active
3291,Shamar,Serrano,WBL,Active
3292,Nadia,Romero,PYZ,Voluntarily Terminated
3293,Lillianna,Hill,WBL,Voluntarily Terminated
3294,Brent,Henry,NEL,Leave of Absence
3295,Emmanuel,Perkins,PL,Active
3296,Isis,Brooks,BPC,Leave of Absence
3297,Axel,Dunlap,CCDR,Leave of Absence
3298,Tatum,Petty,EW,Active
3299,Devyn,Pace,MSC,Active
3300,Rosemary,Becker,NEL,Active
3301,Amiah,Sweeney,PL,Voluntarily Terminated
3302,Maya,Mccoy,PYZ,Leave of Absence
3303,Ty,Page,SVG,Active
3304,Destiney,Kirby,TNS,Active
3305,Jace,Galloway,WBL,Voluntarily Terminated
3306,Justice,Guerra,NEL,Voluntarily Terminated
3307,Quincy,Cardenas,PL,Active
3308,Alyvia,Mitchell,BPC,Active
3309,Lillie,Potter,CCDR,Active
3310,George,Fritz,SVG,Active
3311,William,Avila,EW,Active
3312,Saniya,Mosley,MSC,Active
3313,Aimee,Davila,TNS,Active
3314,German,Hobbs,PYZ,Active
3315,Amy,Pace,WBL,Voluntarily Terminated
3316,Bronson,Houston,NEL,Leave of Absence
3317,Shyann,Hurst,PL,Active
3318,Maddison,Dixon,BPC,Leave of Absence
3319,Madelynn,Murillo,NEL,Active
3320,Zachery,Moreno,PL,Active
3321,Tatum,Terrell,BPC,Active
3322,Roland,Berg,CCDR,Voluntarily Terminated
3323,Lilliana,Cowan,SVG,Leave of Absence
3324,Beatrice,Vance,EW,Leave of Absence
3325,Andrea,Khan,MSC,Voluntarily Terminated
3326,Keagan,Vaughan,PYZ,Active
3327,Selah,Ibarra,WBL,Active
3328,Braylen,Cruz,NEL,Voluntarily Terminated
3329,Gabriel,Smith,PL,Active
3330,Esther,Willis,BPC,Active
3331,Sydney,Chang,CCDR,Active
3332,Will,Morse,SVG,Active
3333,Yael,Sexton,EW,Active
3334,Brendon,Ryan,MSC,Active
3335,Abbigail,Solis,TNS,Voluntarily Terminated
3336,Sincere,Preston,PYZ,Voluntarily Terminated
3337,Jorge,Pineda,WBL,Active
3338,Aspen,Underwood,NEL,Active
3339,Alyson,Hickman,PL,Active
3340,Mina,Hancock,BPC,Active
3341,Konner,Sheppard,WBL,Active
3342,London,Nunez,NEL,Active
3343,Seth,Huff,PL,Active
3344,Justine,Villanueva,BPC,Active
3345,Moshe,Anderson,CCDR,Voluntarily Terminated
3346,Kadyn,Bush,SVG,Leave of Absence
3347,Ahmed,Lindsey,EW,Leave of Absence
3348,Ryder,Bray,MSC,Active
3349,Taylor,Bonilla,WBL,Active
3350,Jalen,Richmond,BPC,Active
3351,Kayden,Hill,CCDR,Voluntarily Terminated
3352,Aubree,Mooney,EW,Active
3353,Haven,Donaldson,MSC,Active
3354,Neil,Dunn,NEL,Active
3355,Darryl,Ponce,PL,Active
3356,Cade,Heath,PYZ,Active
3357,Sidney,Hooper,SVG,Active
3358,Johnathan,Mayo,TNS,Leave of Absence
3359,Anika,Arroyo,WBL,Active
3360,Fatima,Kemp,BPC,Active
3361,Lilianna,Conway,CCDR,Voluntarily Terminated
3362,Tony,Cooke,EW,Active
3363,Trevor,Barry,MSC,Active
3364,Marisa,Frank,WBL,Active
3365,Shania,Flores,NEL,Active
3366,Andre,Allison,PL,Voluntarily Terminated
3367,Destiny,Bright,BPC,Voluntarily Terminated
3368,Karli,Parks,CCDR,Leave of Absence
3369,Mylie,Callahan,SVG,Leave of Absence
3370,Jadiel,Dickson,EW,Active
3371,Aliya,Moss,MSC,Voluntarily Terminated
3372,Kylie,Roman,TNS,Voluntarily Terminated
3373,Karter,Thornton,PYZ,Active
3374,Ronald,Bullock,WBL,Voluntarily Terminated
3375,Sharon,Beltran,NEL,Voluntarily Terminated
3376,Maren,Anderson,PL,Active
3377,Cruz,Ashley,BPC,Active
3378,Enzo,Carney,CCDR,Active
3379,Marquis,Joseph,SVG,Leave of Absence
3380,Victor,Ibarra,EW,Active
3381,Annabelle,Marquez,MSC,Active
3382,Romeo,Gordon,TNS,Active
3383,Aimee,Hughes,PYZ,Voluntarily Terminated
3384,Dennis,Hays,WBL,Active
3385,Kelly,Fritz,NEL,Active
3386,Darnell,Shelton,WBL,Active
3387,Sabrina,Holt,NEL,Active
3388,Zoie,Logan,PL,Active
3389,Finley,Medina,BPC,Active
3390,Lizeth,Middleton,CCDR,Leave of Absence
3391,Odin,Camacho,SVG,Active
3392,Dakota,Lowery,EW,Voluntarily Terminated
3393,Skyla,Santiago,BPC,Active
3394,Harley,Beard,WBL,Active
3395,Summer,Barber,TNS,Voluntarily Terminated
3396,Stephen,Mcmillan,SVG,Voluntarily Terminated
3397,Rylan,Garrison,PYZ,Active
3398,Kyler,Cherry,PL,Active
3399,Corinne,Reeves,NEL,Active
3400,Lorenzo,Short,MSC,Active
3401,Taniya,Kane,EW,Leave of Absence
3402,Nevaeh,Mcmillan,CCDR,Voluntarily Terminated
3403,Dillon,Larson,BPC,Voluntarily Terminated
3404,Willie,Howe,PYZ,Leave of Absence
3405,Selina,Jefferson,WBL,Leave of Absence
3406,Serenity,Montgomery,NEL,Voluntarily Terminated
3407,Kamila,Sanders,WBL,Active
3408,Rose,Mcguire,NEL,Voluntarily Terminated
3409,Brenton,Zavala,PL,Active
3410,Laci,Klein,BPC,Active
3411,Brenda,Boone,CCDR,Active
3412,Andrea,Walters,SVG,Active
3413,Jovanny,Matthews,EW,Active
3414,Hunter,Silva,MSC,Active
3415,Julien,Cisneros,TNS,Voluntarily Terminated
3416,Aron,Waters,BPC,Active
3417,Brayden,Singh,CCDR,Active
3418,Karma,Palmer,EW,Active
3419,Stanley,Reyes,MSC,Active
3420,Levi,Hayden,NEL,Active
3421,Brenden,Leach,PL,Active
3422,Jakobe,Erickson,PYZ,Leave of Absence
3423,Adyson,Strickland,SVG,Active
3424,Annabel,Wilkins,TNS,Voluntarily Terminated
3425,Kendra,Braun,WBL,Voluntarily Terminated
3426,Chace,Kerr,BPC,Active
