EmpID,Training Program Name,Training Type,Training Date,Training Duration(Days),Training Outcome
1004,Customer Service,internal,12-Jan-23,2,Completed
1016,Communication Skills,external,30-Apr-23,2,Completed
1024,Project Management,external,11-Oct-22,5,Completed
1030,Communication Skills,internal,04-Jan-23,1,Completed
1032,Technical Skills,external,07-Dec-22,3,Completed
1035,Communication Skills,internal,11-Mar-23,2,Completed
1043,Communication Skills,external,10-Aug-22,2,Completed
1045,Customer Service,external,11-Jun-23,2,Completed
1048,Leadership Development,internal,02-Dec-22,5,Completed
1050,Customer Service,internal,03-Aug-23,1,Completed
1056,Leadership Development,internal,16-Feb-23,2,Completed
1060,Project Management,internal,06-Sep-22,1,Completed
1063,Technical Skills,internal,15-Oct-22,1,Completed
1066,Communication Skills,internal,14-Jun-23,5,Completed
1067,Project Management,external,24-Jun-23,5,Completed
1068,Communication Skills,external,06-Nov-22,1,Completed
1083,Project Management,external,18-Nov-22,4,Completed
1084,Leadership Development,external,17-Dec-22,3,Completed
1086,Leadership Development,external,15-Jul-23,2,Completed
1090,Communication Skills,external,21-Mar-23,1,Completed
1092,Communication Skills,internal,20-Sep-22,5,Completed
1097,Customer Service,internal,11-Aug-22,1,Completed
1100,Communication Skills,external,25-Feb-23,3,Completed
1104,Communication Skills,internal,11-Aug-22,4,Completed
1106,Project Management,internal,31-Oct-22,1,Completed
1108,Customer Service,internal,23-May-23,5,Completed
1118,Communication Skills,external,16-Dec-22,2,Completed
1123,Project Management,internal,31-Jan-23,4,Completed
1130,Leadership Development,external,09-Nov-22,3,Completed
1136,Customer Service,external,25-Dec-22,3,Completed
1139,Customer Service,external,01-Oct-22,1,Completed
1142,Leadership Development,external,17-Jul-23,3,Completed
1144,Communication Skills,external,10-Jan-23,4,Completed
1171,Project Management,internal,07-Sep-22,1,Completed
1176,Leadership Development,internal,14-Feb-23,2,Completed
1180,Technical Skills,internal,17-Nov-22,3,Completed
1184,Customer Service,internal,31-Jan-23,3,Completed
1191,Customer Service,internal,23-Sep-22,2,Completed
1196,Communication Skills,internal,28-Feb-23,5,Completed
1207,Communication Skills,internal,07-Dec-22,5,Completed
1214,Customer Service,internal,02-Apr-23,3,Completed
1223,Project Management,external,30-Aug-22,1,Completed
1225,Customer Service,internal,14-Aug-22,5,Completed
1226,Customer Service,internal,20-May-23,3,Completed
1230,Communication Skills,external,30-Apr-23,1,Completed
1247,Customer Service,external,09-Dec-22,5,Completed
1249,Communication Skills,internal,15-Aug-22,4,Completed
1252,Leadership Development,internal,20-Nov-22,1,Completed
1253,Customer Service,internal,03-Jun-23,2,Completed
1256,Project Management,internal,26-May-23,4,Completed
1260,Leadership Development,internal,21-Nov-22,2,Completed
1270,Leadership Development,external,21-Aug-22,2,Completed
1271,Customer Service,internal,15-Feb-23,3,Completed
1280,Leadership Development,external,08-Jun-23,4,Completed
1284,Communication Skills,external,10-Nov-22,1,Completed
1285,Project Management,external,08-Nov-22,4,Completed
1290,Leadership Development,external,14-May-23,4,Completed
1292,Customer Service,internal,22-Feb-23,5,Completed
1299,Project Management,external,21-Jan-23,3,Completed
1304,Communication Skills,external,16-Jan-23,3,Completed
1312,Communication Skills,internal,29-Apr-23,4,Completed
1318,Communication Skills,external,17-Oct-22,4,Completed
1320,Leadership Development,external,25-Aug-22,3,Completed
1343,Customer Service,external,02-Sep-22,5,Completed
1352,Communication Skills,external,01-Nov-22,4,Completed
1355,Project Management,internal,13-Mar-23,5,Completed
1358,Communication Skills,internal,10-Aug-22,2,Completed
1363,Project Management,internal,15-Dec-22,2,Completed
1366,Technical Skills,internal,18-Nov-22,1,Completed
1374,Customer Service,internal,08-Oct-22,1,Completed
1376,Customer Service,external,02-Aug-23,3,Completed
1377,Communication Skills,internal,20-Jun-23,2,Completed
1383,Customer Service,internal,15-Jan-23,3,Completed
1388,Communication Skills,external,18-Apr-23,1,Completed
1390,Communication Skills,external,03-Mar-23,3,Completed
1391,Leadership Development,external,05-Feb-23,3,Completed
1392,Leadership Development,external,20-Apr-23,3,Completed
1396,Communication Skills,internal,13-Sep-22,3,Completed
1405,Customer Service,external,15-Sep-22,4,Completed
1407,Communication Skills,external,23-Nov-22,3,Completed
1410,Project Management,external,25-Nov-22,1,Completed
1413,Technical Skills,internal,17-Feb-23,5,Completed
1420,Communication Skills,internal,16-Feb-23,5,Completed
1421,Customer Service,internal,08-Dec-22,5,Completed
1432,Communication Skills,internal,06-Aug-22,4,Completed
1439,Communication Skills,internal,20-Jun-23,4,Completed
1451,Communication Skills,external,25-Oct-22,2,Completed
1462,Leadership Development,external,02-Feb-23,4,Completed
1463,Customer Service,internal,14-Apr-23,2,Completed
1464,Customer Service,internal,25-Jun-23,2,Completed
1466,Project Management,external,16-Dec-22,3,Completed
1467,Technical Skills,external,13-Jan-23,2,Completed
1481,Communication Skills,internal,16-May-23,5,Completed
1482,Customer Service,internal,13-Oct-22,5,Completed
1485,Leadership Development,external,02-Jul-23,5,Completed
1489,Leadership Development,external,01-Oct-22,5,Completed
1495,Customer Service,internal,25-Feb-23,4,Completed
1496,Customer Service,external,07-Sep-22,3,Completed
1497,Technical Skills,external,23-Aug-22,3,Completed
1501,Customer Service,internal,29-Jul-23,2,Completed
1507,Technical Skills,internal,21-Sep-22,3,Completed
1515,Communication Skills,external,03-Apr-23,3,Completed
1519,Leadership Development,external,23-Sep-22,2,Completed
1524,Communication Skills,internal,01-May-23,2,Completed
1526,Leadership Development,internal,26-May-23,3,Completed
1549,Project Management,external,04-Jun-23,1,Completed
1553,Leadership Development,external,19-Mar-23,3,Completed
1556,Communication Skills,external,10-Jun-23,1,Completed
1564,Communication Skills,external,20-Apr-23,4,Completed
1565,Customer Service,internal,03-Dec-22,3,Completed
1569,Customer Service,internal,20-Mar-23,2,Completed
1571,Project Management,external,15-Mar-23,2,Completed
1572,Customer Service,internal,08-Oct-22,2,Completed
1587,Customer Service,internal,10-Mar-23,4,Completed
1603,Communication Skills,external,11-Mar-23,2,Completed
1606,Project Management,internal,26-Sep-22,5,Completed
1607,Customer Service,external,30-Nov-22,3,Completed
1610,Communication Skills,external,29-Mar-23,4,Completed
1613,Leadership Development,internal,28-Jan-23,1,Completed
1616,Leadership Development,external,18-Jul-23,2,Completed
1617,Leadership Development,internal,06-Feb-23,3,Completed
1620,Project Management,external,18-Jan-23,5,Completed
1621,Technical Skills,internal,03-Oct-22,2,Completed
1627,Project Management,internal,05-Dec-22,5,Completed
1628,Customer Service,internal,20-May-23,1,Completed
1632,Leadership Development,external,26-Mar-23,4,Completed
1635,Leadership Development,external,15-May-23,3,Completed
1636,Technical Skills,external,31-Aug-22,1,Completed
1638,Customer Service,external,27-Dec-22,4,Completed
1643,Technical Skills,external,13-Jul-23,3,Completed
1645,Technical Skills,external,12-Aug-22,1,Completed
1646,Customer Service,internal,07-Aug-22,5,Completed
1655,Communication Skills,internal,15-Jun-23,5,Completed
1656,Leadership Development,internal,19-Mar-23,3,Completed
1667,Leadership Development,external,11-Sep-22,1,Completed
1672,Technical Skills,external,14-Sep-22,3,Completed
1678,Leadership Development,internal,14-Apr-23,1,Completed
1680,Customer Service,internal,04-Oct-22,3,Completed
1686,Communication Skills,external,11-Nov-22,2,Completed
1688,Project Management,internal,21-Dec-22,3,Completed
1696,Project Management,internal,29-May-23,1,Completed
1700,Customer Service,external,19-Sep-22,4,Completed
1702,Communication Skills,internal,19-Mar-23,5,Completed
1703,Customer Service,internal,06-Oct-22,2,Completed
1704,Customer Service,external,13-May-23,1,Completed
1712,Communication Skills,internal,06-Jun-23,2,Completed
1725,Customer Service,external,16-Jan-23,1,Completed
1726,Technical Skills,internal,19-Oct-22,4,Completed
1728,Customer Service,external,31-Dec-22,2,Completed
1734,Project Management,external,16-Jan-23,2,Completed
1740,Project Management,internal,18-Feb-23,2,Completed
1741,Leadership Development,external,08-Nov-22,5,Completed
1745,Leadership Development,external,05-Sep-22,1,Completed
1753,Customer Service,internal,18-Mar-23,1,Completed
1758,Customer Service,internal,14-May-23,5,Completed
1759,Project Management,internal,21-Oct-22,4,Completed
1763,Leadership Development,external,02-Mar-23,2,Completed
1786,Communication Skills,external,23-Apr-23,2,Completed
1788,Leadership Development,internal,23-Dec-22,4,Completed
1792,Technical Skills,internal,29-Nov-22,1,Completed
1794,Leadership Development,internal,31-Oct-22,3,Completed
1817,Leadership Development,internal,20-Aug-22,3,Completed
1823,Leadership Development,internal,10-Jul-23,4,Completed
1824,Leadership Development,external,16-Sep-22,5,Completed
1825,Technical Skills,external,05-Aug-22,4,Completed
1829,Customer Service,external,21-Apr-23,4,Completed
1842,Communication Skills,internal,19-Jul-23,3,Completed
1847,Leadership Development,external,14-Feb-23,1,Completed
1848,Communication Skills,internal,15-Feb-23,5,Completed
1859,Technical Skills,internal,07-Oct-22,4,Completed
1861,Customer Service,internal,18-Jun-23,2,Completed
1864,Project Management,internal,06-Aug-22,4,Completed
1865,Project Management,internal,13-Nov-22,3,Completed
1866,Customer Service,external,22-Apr-23,3,Completed
1868,Leadership Development,internal,27-Mar-23,4,Completed
1886,Customer Service,external,10-Jun-23,1,Completed
1888,Technical Skills,external,23-Dec-22,2,Completed
1893,Leadership Development,internal,28-Sep-22,1,Completed
1895,Technical Skills,external,12-Sep-22,5,Completed
1896,Customer Service,external,22-Feb-23,4,Completed
1897,Communication Skills,external,16-Mar-23,2,Completed
1898,Project Management,internal,10-Jul-23,3,Completed
1903,Project Management,external,27-May-23,4,Completed
1907,Technical Skills,internal,10-Nov-22,2,Completed
1912,Leadership Development,external,26-Mar-23,1,Completed
1925,Communication Skills,internal,12-May-23,3,Completed
1927,Leadership Development,external,23-Feb-23,5,Completed
1935,Customer Service,internal,16-Sep-22,2,Completed
1939,Communication Skills,external,27-Oct-22,3,Completed
1944,Technical Skills,external,26-Oct-22,5,Completed
1946,Customer Service,internal,30-Aug-22,1,Completed
1959,Project Management,external,13-Sep-22,2,Completed
1962,Leadership Development,external,02-Oct-22,5,Completed
1976,Communication Skills,external,16-Nov-22,5,Completed
1988,Project Management,external,18-May-23,4,Completed
1998,Technical Skills,internal,01-Dec-22,2,Completed
2004,Leadership Development,internal,27-Feb-23,1,Completed
2005,Leadership Development,internal,22-Apr-23,2,Completed
2006,Communication Skills,external,22-Dec-22,2,Completed
2011,Leadership Development,internal,30-Apr-23,1,Completed
2019,Technical Skills,external,06-Oct-22,2,Completed
2032,Customer Service,internal,21-Nov-22,3,Completed
2036,Communication Skills,internal,24-Sep-22,3,Completed
2041,Technical Skills,external,25-Sep-22,5,Completed
2050,Communication Skills,internal,13-Dec-22,3,Completed
2052,Project Management,internal,06-Nov-22,4,Completed
2070,Technical Skills,internal,12-Apr-23,5,Completed
2076,Communication Skills,internal,08-Nov-22,3,Completed
2077,Communication Skills,internal,07-Apr-23,4,Completed
2079,Leadership Development,external,15-Jan-23,4,Completed
2086,Communication Skills,external,03-Apr-23,3,Completed
2087,Leadership Development,internal,02-Apr-23,3,Completed
2088,Communication Skills,external,09-Feb-23,3,Completed
2089,Communication Skills,internal,04-Jan-23,2,Completed
2092,Communication Skills,external,13-Mar-23,5,Completed
2096,Communication Skills,external,25-Apr-23,3,Completed
2099,Customer Service,external,28-Feb-23,2,Completed
2104,Technical Skills,external,14-Oct-22,5,Completed
2105,Technical Skills,external,10-Nov-22,3,Completed
2114,Communication Skills,external,26-Feb-23,2,Completed
2116,Leadership Development,internal,26-Aug-22,2,Completed
2118,Leadership Development,internal,21-Apr-23,3,Completed
2130,Project Management,internal,21-Nov-22,4,Completed
2134,Technical Skills,internal,20-Oct-22,1,Completed
2135,Technical Skills,internal,21-Nov-22,5,Completed
2138,Project Management,internal,17-Aug-22,3,Completed
2140,Project Management,external,27-Apr-23,3,Completed
2141,Customer Service,internal,07-Jun-23,1,Completed
2144,Communication Skills,internal,26-Jan-23,4,Completed
2152,Communication Skills,external,15-Oct-22,4,Completed
2153,Customer Service,internal,24-Feb-23,2,Completed
2159,Customer Service,external,24-Jan-23,3,Completed
2160,Customer Service,internal,16-Jun-23,5,Completed
2161,Communication Skills,internal,29-Sep-22,1,Completed
2170,Leadership Development,external,14-Mar-23,2,Completed
2175,Communication Skills,external,22-Feb-23,2,Completed
2176,Communication Skills,external,19-Apr-23,5,Completed
2178,Communication Skills,internal,08-May-23,5,Completed
2182,Communication Skills,external,22-Jul-23,2,Completed
2183,Communication Skills,external,23-Apr-23,3,Completed
2187,Communication Skills,internal,07-Jun-23,1,Completed
2190,Technical Skills,internal,29-Apr-23,2,Completed
2192,Leadership Development,external,02-Oct-22,4,Completed
2201,Leadership Development,internal,15-Mar-23,4,Completed
2202,Customer Service,internal,08-Sep-22,4,Completed
2206,Technical Skills,internal,16-Sep-22,3,Completed
2209,Technical Skills,external,02-Nov-22,3,Completed
2210,Technical Skills,internal,17-Jul-23,5,Completed
2211,Leadership Development,external,21-Nov-22,3,Completed
2220,Leadership Development,external,02-Jun-23,4,Completed
2223,Communication Skills,external,07-Apr-23,2,Completed
2226,Project Management,internal,10-Sep-22,3,Completed
2232,Customer Service,external,23-Mar-23,4,Completed
2234,Communication Skills,external,04-Feb-23,3,Completed
2237,Leadership Development,external,10-May-23,3,Completed
2238,Communication Skills,external,14-Apr-23,5,Completed
2246,Project Management,internal,10-Feb-23,2,Completed
2252,Communication Skills,internal,10-Dec-22,1,Completed
2255,Customer Service,internal,05-Feb-23,1,Completed
2256,Leadership Development,internal,13-Jan-23,1,Completed
2266,Leadership Development,external,23-Oct-22,5,Completed
2276,Customer Service,external,17-May-23,3,Completed
2277,Communication Skills,internal,22-Dec-22,3,Completed
2278,Leadership Development,external,05-Mar-23,4,Completed
2285,Customer Service,internal,02-Dec-22,4,Completed
2289,Technical Skills,external,14-Jun-23,3,Completed
2292,Communication Skills,external,11-Mar-23,3,Completed
2300,Customer Service,external,27-Sep-22,2,Completed
2308,Communication Skills,internal,08-Sep-22,4,Completed
2312,Leadership Development,internal,06-Jan-23,3,Completed
2322,Communication Skills,internal,04-Mar-23,3,Completed
2325,Project Management,internal,04-Jan-23,2,Completed
2326,Customer Service,external,06-Jan-23,5,Completed
2332,Communication Skills,internal,29-Nov-22,3,Completed
2335,Communication Skills,internal,01-Sep-22,4,Completed
2336,Communication Skills,external,06-Feb-23,3,Completed
2338,Customer Service,external,18-Jun-23,2,Completed
2342,Communication Skills,internal,30-May-23,1,Completed
2343,Customer Service,internal,31-May-23,5,Completed
2344,Technical Skills,external,13-Mar-23,2,Completed
2346,Customer Service,external,02-Oct-22,3,Completed
2349,Communication Skills,internal,22-Apr-23,2,Completed
2352,Communication Skills,external,11-Sep-22,4,Completed
2354,Communication Skills,external,13-Jun-23,5,Completed
2364,Project Management,external,04-Dec-22,3,Completed
2367,Project Management,internal,27-Apr-23,3,Completed
2368,Technical Skills,external,30-Mar-23,4,Completed
2372,Leadership Development,internal,27-Jan-23,2,Completed
2373,Project Management,external,16-Feb-23,4,Completed
2376,Communication Skills,internal,26-Apr-23,5,Completed
2380,Customer Service,internal,03-Nov-22,5,Completed
2382,Project Management,internal,01-Aug-23,1,Completed
2388,Project Management,internal,30-Jun-23,4,Completed
2389,Technical Skills,internal,28-Jul-23,1,Completed
2390,Customer Service,external,19-Jul-23,5,Completed
2393,Project Management,external,27-Feb-23,5,Completed
2394,Customer Service,internal,22-Sep-22,1,Completed
2395,Customer Service,external,29-Mar-23,5,Completed
2397,Project Management,external,10-Nov-22,5,Completed
2400,Communication Skills,external,23-Jul-23,4,Completed
2407,Project Management,internal,15-Nov-22,2,Completed
2419,Project Management,external,05-Jul-23,4,Completed
2421,Customer Service,internal,08-Jul-23,3,Completed
2429,Communication Skills,external,09-Dec-22,5,Completed
2433,Technical Skills,internal,20-Apr-23,4,Completed
2443,Project Management,external,30-Dec-22,5,Completed
2444,Project Management,external,03-Nov-22,1,Completed
2447,Technical Skills,internal,21-Aug-22,1,Completed
2450,Project Management,internal,18-Jan-23,5,Completed
2454,Leadership Development,internal,06-Oct-22,1,Completed
2455,Customer Service,external,08-Jun-23,4,Completed
2461,Communication Skills,external,13-Jul-23,2,Completed
2462,Customer Service,external,05-Feb-23,3,Completed
2469,Project Management,external,15-Sep-22,5,Completed
2470,Communication Skills,internal,05-Apr-23,2,Completed
2473,Leadership Development,internal,02-Nov-22,5,Completed
2474,Project Management,internal,18-Nov-22,5,Completed
2476,Technical Skills,external,29-Jun-23,3,Completed
2485,Communication Skills,internal,30-Aug-22,2,Completed
2488,Customer Service,external,03-Dec-22,5,Completed
2492,Leadership Development,external,14-Nov-22,4,Completed
2493,Communication Skills,internal,07-Jan-23,2,Completed
2500,Project Management,internal,08-Jul-23,3,Completed
2501,Communication Skills,internal,20-Sep-22,2,Completed
2505,Communication Skills,external,23-Nov-22,5,Completed
2508,Technical Skills,external,25-Apr-23,3,Completed
2509,Communication Skills,internal,08-Feb-23,1,Completed
2510,Customer Service,internal,22-Aug-22,2,Completed
2516,Customer Service,internal,31-Jan-23,1,Completed
2518,Customer Service,internal,29-Oct-22,4,Completed
2521,Project Management,internal,18-Nov-22,1,Completed
2533,Communication Skills,external,22-Jul-23,1,Completed
2536,Leadership Development,external,26-Aug-22,1,Completed
2542,Communication Skills,external,21-Aug-22,5,Completed
2544,Communication Skills,internal,27-Jan-23,2,Completed
2545,Leadership Development,internal,27-Jun-23,1,Completed
2546,Customer Service,internal,22-May-23,3,Completed
2547,Leadership Development,internal,07-Sep-22,4,Completed
2551,Communication Skills,internal,02-Aug-23,2,Completed
2552,Customer Service,internal,21-Sep-22,5,Completed
2554,Communication Skills,external,29-Jul-23,5,Completed
2557,Technical Skills,internal,20-Aug-22,1,Completed
2564,Leadership Development,internal,18-Jul-23,4,Completed
2569,Project Management,internal,15-Jan-23,2,Completed
2572,Technical Skills,internal,02-Sep-22,5,Completed
2583,Customer Service,external,25-May-23,5,Completed
2586,Customer Service,internal,05-Aug-22,5,Completed
2589,Communication Skills,external,03-Apr-23,4,Completed
2591,Customer Service,internal,06-Oct-22,2,Completed
2598,Customer Service,external,14-Dec-22,3,Completed
2600,Project Management,internal,14-May-23,3,Completed
2605,Project Management,external,14-Nov-22,4,Completed
2607,Technical Skills,external,26-Dec-22,3,Completed
2612,Customer Service,internal,23-Apr-23,3,Completed
2614,Project Management,external,09-Nov-22,2,Completed
2615,Leadership Development,internal,10-Mar-23,5,Completed
2617,Project Management,external,24-Jul-23,2,Completed
2619,Technical Skills,internal,30-Dec-22,3,Completed
2627,Customer Service,internal,18-Aug-22,4,Completed
2629,Communication Skills,external,05-Jan-23,4,Completed
2633,Project Management,internal,09-Feb-23,2,Completed
2634,Project Management,external,26-May-23,1,Completed
2637,Communication Skills,internal,24-Apr-23,1,Completed
2639,Project Management,internal,19-Feb-23,4,Completed
2642,Project Management,internal,01-Jul-23,1,Completed
2645,Technical Skills,internal,02-Nov-22,2,Completed
2647,Project Management,internal,28-Jan-23,5,Completed
2651,Customer Service,external,12-Jun-23,3,Completed
2661,Communication Skills,internal,12-Jan-23,4,Completed
2662,Project Management,external,10-Mar-23,5,Completed
2665,Communication Skills,internal,03-Sep-22,4,Completed
2669,Project Management,internal,17-Mar-23,3,Completed
2670,Project Management,external,28-Jun-23,4,Completed
2675,Customer Service,internal,07-Oct-22,3,Completed
2679,Communication Skills,external,17-Aug-22,2,Completed
2681,Leadership Development,internal,26-Jan-23,1,Completed
2686,Project Management,external,12-Nov-22,1,Completed
2688,Customer Service,external,18-Nov-22,2,Completed
2690,Technical Skills,external,23-Feb-23,1,Completed
2692,Communication Skills,external,30-May-23,1,Completed
2697,Project Management,internal,19-Feb-23,4,Completed
2702,Communication Skills,internal,05-Sep-22,1,Completed
2711,Leadership Development,internal,13-Sep-22,1,Completed
2713,Technical Skills,external,09-Apr-23,3,Completed
2715,Customer Service,external,14-Oct-22,5,Completed
2716,Leadership Development,internal,16-Jan-23,4,Completed
2724,Leadership Development,external,03-Jun-23,2,Completed
2728,Project Management,internal,27-Jan-23,5,Completed
2732,Customer Service,internal,23-Feb-23,3,Completed
2733,Leadership Development,internal,12-Feb-23,5,Completed
2734,Communication Skills,external,22-Feb-23,5,Completed
2739,Customer Service,internal,21-Aug-22,1,Completed
2740,Communication Skills,internal,17-May-23,3,Completed
2748,Project Management,external,14-Jan-23,2,Completed
2753,Communication Skills,internal,18-Oct-22,1,Completed
2755,Technical Skills,internal,21-Dec-22,4,Completed
2756,Communication Skills,external,04-Apr-23,5,Completed
2760,Leadership Development,internal,03-May-23,3,Completed
2763,Technical Skills,external,24-Nov-22,4,Completed
2769,Project Management,internal,17-Jul-23,1,Completed
2773,Communication Skills,internal,02-Feb-23,4,Completed
2779,Leadership Development,internal,13-Feb-23,3,Completed
2784,Customer Service,internal,08-Sep-22,5,Completed
2785,Technical Skills,internal,26-Nov-22,1,Completed
2789,Project Management,internal,06-Jun-23,4,Completed
2798,Leadership Development,external,24-Apr-23,1,Completed
2804,Leadership Development,internal,26-Jan-23,5,Completed
2811,Technical Skills,external,04-Nov-22,3,Completed
2813,Technical Skills,internal,20-Apr-23,2,Completed
2815,Project Management,internal,10-May-23,5,Completed
2818,Technical Skills,external,27-Feb-23,5,Completed
2820,Project Management,external,23-Oct-22,2,Completed
2825,Technical Skills,external,02-Nov-22,2,Completed
2830,Project Management,external,06-Dec-22,1,Completed
2834,Technical Skills,external,10-Jun-23,4,Completed
2835,Customer Service,internal,22-Nov-22,4,Completed
2836,Customer Service,external,18-May-23,5,Completed
2838,Communication Skills,internal,18-May-23,4,Completed
2841,Customer Service,internal,22-Apr-23,2,Completed
2843,Leadership Development,external,01-Oct-22,2,Completed
2845,Customer Service,external,06-Feb-23,2,Completed
2856,Customer Service,internal,03-Jan-23,2,Completed
2857,Customer Service,internal,25-Dec-22,3,Completed
2859,Technical Skills,internal,23-Sep-22,1,Completed
2861,Project Management,external,07-Nov-22,2,Completed
2863,Customer Service,internal,08-Dec-22,4,Completed
2869,Leadership Development,internal,04-May-23,2,Completed
2883,Customer Service,external,11-May-23,4,Completed
2890,Technical Skills,internal,10-Oct-22,5,Completed
2893,Leadership Development,internal,05-Jun-23,5,Completed
2894,Customer Service,internal,30-Jun-23,5,Completed
2898,Leadership Development,internal,22-Jun-23,1,Completed
2899,Leadership Development,internal,26-Mar-23,5,Completed
2907,Communication Skills,external,12-Feb-23,4,Completed
2912,Communication Skills,internal,11-Jan-23,2,Completed
2913,Communication Skills,external,01-Dec-22,3,Completed
2920,Technical Skills,external,27-Sep-22,2,Completed
2936,Leadership Development,internal,23-Dec-22,3,Completed
2937,Leadership Development,internal,25-Jul-23,3,Completed
2939,Project Management,external,06-Sep-22,3,Completed
2941,Customer Service,internal,11-Nov-22,3,Completed
2943,Communication Skills,external,04-Apr-23,3,Completed
2952,Communication Skills,internal,08-May-23,3,Completed
2963,Customer Service,external,08-Jun-23,5,Completed
2965,Project Management,external,07-Mar-23,3,Completed
2975,Leadership Development,external,12-Jul-23,5,Completed
2981,Communication Skills,external,25-Jun-23,2,Completed
2986,Communication Skills,internal,20-Feb-23,1,Completed
2991,Project Management,internal,02-Dec-22,3,Completed
2997,Communication Skills,external,16-Feb-23,4,Completed
3014,Leadership Development,internal,01-Feb-23,3,Completed
3015,Customer Service,external,18-Nov-22,1,Completed
3016,Communication Skills,internal,26-Jan-23,4,Completed
3020,Project Management,external,19-Jun-23,2,Completed
3022,Communication Skills,external,15-Dec-22,3,Completed
3035,Customer Service,internal,09-May-23,1,Completed
3039,Leadership Development,internal,05-Jan-23,2,Completed
3041,Project Management,internal,28-Jul-23,4,Completed
3043,Customer Service,external,21-Feb-23,5,Completed
3048,Customer Service,internal,08-Jan-23,2,Completed
3050,Project Management,external,06-Nov-22,2,Completed
3059,Communication Skills,external,10-Jul-23,1,Completed
3067,Communication Skills,external,01-Sep-22,1,Completed
3075,Leadership Development,external,20-Feb-23,4,Completed
3078,Leadership Development,internal,05-Mar-23,1,Completed
3081,Customer Service,internal,28-Aug-22,2,Completed
3083,Technical Skills,external,08-May-23,2,Completed
3084,Customer Service,external,14-Mar-23,5,Completed
3101,Technical Skills,internal,21-May-23,4,Completed
3108,Customer Service,external,07-Jul-23,1,Completed
3110,Technical Skills,external,29-Oct-22,3,Completed
3128,Communication Skills,internal,28-Feb-23,1,Completed
3131,Leadership Development,internal,15-Jan-23,3,Completed
3134,Technical Skills,external,18-Mar-23,4,Completed
3139,Communication Skills,external,23-Apr-23,4,Completed
3147,Project Management,external,20-Dec-22,4,Completed
3148,Communication Skills,external,10-Apr-23,2,Completed
3169,Communication Skills,internal,25-Feb-23,4,Completed
3174,Communication Skills,external,09-Dec-22,4,Completed
3187,Leadership Development,internal,26-Jul-23,3,Completed
3193,Project Management,external,16-Apr-23,3,Completed
3198,Communication Skills,internal,01-Jun-23,2,Completed
3200,Communication Skills,internal,18-Mar-23,1,Completed
3222,Communication Skills,internal,25-Sep-22,3,Completed
3224,Project Management,external,14-Sep-22,2,Completed
3225,Communication Skills,internal,26-Jul-23,1,Completed
3234,Leadership Development,internal,03-Nov-22,3,Completed
3236,Communication Skills,internal,17-Dec-22,5,Completed
3241,Communication Skills,internal,14-Oct-22,5,Completed
3243,Technical Skills,internal,20-Sep-22,1,Completed
3247,Communication Skills,internal,26-Feb-23,1,Completed
3248,Customer Service,external,28-Jan-23,2,Completed
3250,Communication Skills,external,06-Feb-23,1,Completed
3257,Project Management,external,24-Jun-23,3,Completed
3258,Leadership Development,internal,16-Jul-23,2,Completed
3276,Project Management,external,15-Aug-22,3,Completed
3286,Project Management,external,16-May-23,1,Completed
3289,Customer Service,internal,31-Mar-23,5,Completed
3290,Customer Service,external,24-Jan-23,5,Completed
3291,Technical Skills,internal,02-Oct-22,2,Completed
3298,Customer Service,internal,15-Apr-23,1,Completed
3309,Customer Service,external,15-Sep-22,3,Completed
3319,Technical Skills,internal,27-Jun-23,2,Completed
3320,Project Management,internal,16-Oct-22,3,Completed
3326,Project Management,internal,06-Nov-22,3,Completed
3332,Technical Skills,internal,09-Feb-23,5,Completed
3334,Project Management,external,23-Oct-22,5,Completed
3356,Leadership Development,external,08-Aug-22,5,Completed
3363,Customer Service,external,22-May-23,2,Completed
3364,Leadership Development,internal,01-Dec-22,1,Completed
3370,Customer Service,external,06-Jun-23,2,Completed
3377,Communication Skills,internal,24-Oct-22,2,Completed
3387,Technical Skills,internal,16-Oct-22,3,Completed
3389,Project Management,external,18-Oct-22,5,Completed
3418,Technical Skills,internal,15-Jun-23,4,Completed
3423,Technical Skills,external,14-Oct-22,1,Completed
3430,Project Management,external,15-Dec-22,3,Completed
3445,Project Management,external,14-Jul-23,2,Completed
3450,Technical Skills,internal,12-Jan-23,4,Completed
3451,Technical Skills,external,22-Mar-23,1,Completed
3453,Customer Service,external,25-Aug-22,5,Completed
3457,Customer Service,external,15-Apr-23,4,Completed
3462,Project Management,external,19-Jul-23,1,Completed
3468,Customer Service,internal,10-May-23,3,Completed
3472,Technical Skills,external,12-Feb-23,5,Completed
3486,Project Management,internal,23-Jul-23,5,Completed
3487,Project Management,external,17-Jul-23,5,Completed
3488,Communication Skills,internal,20-Sep-22,1,Completed
3493,Project Management,internal,19-Feb-23,3,Completed
3494,Technical Skills,internal,11-Feb-23,2,Completed
3497,Communication Skills,internal,11-Mar-23,2,Completed
3503,Technical Skills,internal,20-Feb-23,4,Completed
3504,Communication Skills,internal,02-Jun-23,5,Completed
3506,Leadership Development,internal,21-May-23,1,Completed
3508,Communication Skills,external,04-Apr-23,1,Completed
3509,Leadership Development,external,04-Mar-23,4,Completed
3510,Technical Skills,external,27-Oct-22,4,Completed
3511,Technical Skills,internal,07-Apr-23,3,Completed
3518,Customer Service,internal,27-Jun-23,3,Completed
3522,Communication Skills,external,05-May-23,5,Completed
3531,Leadership Development,external,30-Nov-22,3,Completed
3533,Leadership Development,internal,11-May-23,4,Completed
3534,Customer Service,internal,21-May-23,3,Completed
3554,Project Management,internal,05-Jun-23,4,Completed
3558,Technical Skills,internal,18-Jul-23,1,Completed
3567,Customer Service,internal,09-Jun-23,5,Completed
3573,Customer Service,internal,06-Oct-22,4,Completed
3576,Project Management,external,02-Feb-23,5,Completed
3578,Project Management,external,01-Dec-22,5,Completed
3581,Communication Skills,external,29-Jan-23,1,Completed
3582,Communication Skills,internal,09-Sep-22,4,Completed
3585,Communication Skills,internal,14-Feb-23,4,Completed
3586,Communication Skills,external,30-Sep-22,1,Completed
3587,Leadership Development,external,22-Mar-23,5,Completed
3599,Leadership Development,internal,02-Mar-23,5,Completed
3601,Project Management,external,03-Jan-23,1,Completed
3608,Project Management,external,14-Mar-23,3,Completed
3611,Customer Service,internal,07-Jan-23,1,Completed
3617,Customer Service,internal,09-Apr-23,5,Completed
3620,Technical Skills,internal,20-Dec-22,3,Completed
3622,Project Management,external,11-May-23,1,Completed
3623,Project Management,external,03-Aug-23,2,Completed
3631,Customer Service,internal,10-Apr-23,1,Completed
3632,Technical Skills,internal,23-Jun-23,2,Completed
3637,Project Management,external,21-Mar-23,4,Completed
3638,Customer Service,internal,01-Jan-23,3,Completed
3643,Leadership Development,internal,27-Mar-23,4,Completed
3648,Leadership Development,internal,26-Feb-23,2,Completed
3649,Leadership Development,external,18-Dec-22,4,Completed
3666,Project Management,internal,02-Aug-23,3,Completed
3667,Leadership Development,internal,03-Feb-23,3,Completed
3668,Customer Service,external,28-Nov-22,4,Completed
3670,Project Management,external,25-Sep-22,5,Completed
3679,Leadership Development,external,16-Jan-23,1,Completed
3680,Leadership Development,internal,15-May-23,4,Completed
3683,Project Management,internal,28-Dec-22,1,Completed
3684,Communication Skills,internal,29-Oct-22,2,Completed
3690,Technical Skills,internal,03-Apr-23,5,Completed
3691,Leadership Development,internal,06-Mar-23,3,Completed
3693,Project Management,external,24-Jan-23,1,Completed
3703,Communication Skills,external,27-Dec-22,3,Completed
3705,Technical Skills,internal,17-Apr-23,5,Completed
3706,Customer Service,internal,07-Jun-23,1,Completed
3710,Leadership Development,external,02-Jun-23,1,Completed
3728,Customer Service,internal,10-Jul-23,5,Completed
3744,Communication Skills,internal,23-May-23,1,Completed
3752,Communication Skills,internal,31-May-23,1,Completed
3759,Project Management,internal,11-Aug-22,2,Completed
3765,Customer Service,internal,25-Nov-22,5,Completed
3768,Leadership Development,internal,04-Jan-23,3,Completed
3772,Communication Skills,external,01-Jan-23,1,Completed
3775,Customer Service,internal,14-Nov-22,1,Completed
3776,Project Management,internal,05-Feb-23,4,Completed
3777,Project Management,external,13-Oct-22,1,Completed
3778,Customer Service,internal,13-Sep-22,5,Completed
3783,Technical Skills,external,25-Jan-23,5,Completed
3784,Communication Skills,internal,12-Oct-22,2,Completed
3790,Communication Skills,external,18-Mar-23,2,Completed
3793,Project Management,internal,24-Nov-22,2,Completed
3797,Technical Skills,external,09-Mar-23,2,Completed
3800,Customer Service,internal,14-Oct-22,4,Completed
3810,Communication Skills,external,21-Dec-22,3,Completed
3811,Technical Skills,external,15-May-23,2,Completed
3823,Communication Skills,external,21-Sep-22,4,Completed
3824,Leadership Development,internal,18-Oct-22,5,Completed
3825,Leadership Development,internal,24-Sep-22,1,Completed
3826,Communication Skills,internal,21-Nov-22,4,Completed
3830,Technical Skills,internal,15-Mar-23,3,Completed
3833,Leadership Development,external,23-Jun-23,2,Completed
3847,Technical Skills,internal,28-Mar-23,4,Completed
3850,Communication Skills,internal,01-Nov-22,1,Completed
3856,Technical Skills,external,12-Jul-23,4,Completed
3857,Leadership Development,external,24-Jul-23,1,Completed
3859,Communication Skills,external,05-Jun-23,1,Completed
3860,Technical Skills,internal,10-Oct-22,4,Completed
3865,Project Management,external,03-Nov-22,2,Completed
3868,Project Management,internal,27-Sep-22,3,Completed
3869,Project Management,external,19-Mar-23,2,Completed
3870,Technical Skills,external,10-Mar-23,1,Completed
3871,Technical Skills,external,15-Apr-23,5,Completed
3872,Communication Skills,internal,26-Feb-23,3,Completed
3873,Project Management,internal,10-Mar-23,3,Completed
3880,Communication Skills,internal,25-Sep-22,3,Completed
3882,Customer Service,internal,02-Jun-23,2,Completed
3890,Project Management,external,08-Jan-23,4,Completed
3892,Technical Skills,external,10-Oct-22,5,Completed
3895,Technical Skills,external,22-Apr-23,1,Completed
3906,Project Management,internal,19-Feb-23,2,Completed
3915,Leadership Development,external,01-Apr-23,2,Completed
3918,Communication Skills,external,10-Oct-22,3,Completed
3919,Customer Service,external,28-Jul-23,5,Completed
3921,Customer Service,external,04-Jun-23,5,Completed
3927,Customer Service,external,05-Mar-23,2,Completed
3932,Technical Skills,internal,27-Feb-23,5,Completed
3934,Project Management,internal,16-Feb-23,5,Completed
3937,Communication Skills,internal,02-Apr-23,2,Completed
3938,Technical Skills,external,30-Jul-23,2,Completed
3944,Technical Skills,external,19-Aug-22,1,Completed
3950,Technical Skills,internal,22-Apr-23,2,Completed
3954,Leadership Development,external,11-May-23,1,Completed
3958,Technical Skills,internal,21-Dec-22,5,Completed
3960,Communication Skills,external,19-Mar-23,1,Completed
3963,Customer Service,external,15-Apr-23,2,Completed
3965,Technical Skills,internal,20-Jun-23,4,Completed
3968,Technical Skills,external,02-Dec-22,3,Completed
3976,Leadership Development,internal,22-Apr-23,1,Completed
3977,Technical Skills,external,13-Oct-22,2,Completed
3982,Technical Skills,internal,09-Dec-22,1,Completed
3991,Customer Service,internal,19-Sep-22,4,Completed
3992,Project Management,external,13-Sep-22,3,Completed
